Date,Type,ParentCategory,SubCategory,Amount,Account,Note,Status
2024年07月18日 11:01:00,收入,内部流转,退款,989.6,建行1977,戒指返现,待确认-退款
2024年11月01日 15:58:00,支出,购物,日用,15.0,微信余额,通行证,auto
2024年11月01日 17:49:00,支出,餐饮,饮料,25.0,微信余额,,auto
2024年11月05日 08:30:00,支出,餐饮,吃饭,7.2,微信余额,,auto
2024年11月05日 12:56:00,支出,餐饮,饮料,20.5,微信余额,,auto
2024年11月06日 11:03:10,支出,购物,数码,47.53,建行2109,手机膜,auto
2024年11月06日 12:37:00,支出,餐饮,吃饭,56.0,微信余额,,auto
2024年11月06日 14:33:29,收入,投资,投资收益,72.8,广发证券,卖出江淮汽车,auto
2024年11月07日 08:05:09,支出,住房,房贷,1400.34,建行2109,房贷公积金,auto
2024年11月07日 08:05:45,支出,住房,房贷,4569.24,建行2109,房贷,auto
2024年11月07日 08:44:55,支出,餐饮,吃饭,27.3,微信余额,,auto
2024年11月07日 21:53:28,支出,购物,旅游购物,30.0,微信余额,,auto
2024年11月08日 08:20:46,支出,餐饮,吃饭,10.5,微信余额,,auto
2024年11月08日 15:44:16,支出,餐饮,饮料,38.0,微信余额,西西弗里,auto
2024年11月12日 08:07:21,支出,餐饮,吃饭,9.6,微信余额,,auto
2024年11月13日 08:29:25,支出,餐饮,吃饭,14.7,微信余额,,auto
2024年11月13日 09:32:14,支出,投资,投资亏损,96.0,广发证券,江淮汽车,auto
2024年11月13日 09:32:38,支出,投资,投资亏损,313.0,广发证券,立迅,auto
2024年11月13日 09:33:10,支出,投资,投资亏损,36.0,广发证券,安妮股份,auto
2024年11月13日 09:59:30,支出,订阅,通讯,100.0,建行1977,4308,auto
2024年11月14日 12:25:00,支出,餐饮,吃饭,20.0,微信余额,,auto
2024年11月14日 20:25:00,支出,餐饮,饮料,16.5,建行1977,,auto
2024年11月15日 08:31:03,支出,餐饮,吃饭,10.8,微信余额,,auto
2024年11月15日 18:47:49,支出,餐饮,饮料,62.5,建行1977,,auto
2024年11月15日 21:37:33,支出,娱乐,网吧,50.0,建行1977,,auto
2024年11月17日 10:49:00,支出,娱乐,电影,88.0,建行1977,,auto
2024年11月18日 10:49:05,支出,餐饮,吃饭,12.0,微信余额,,auto
2024年11月18日 12:23:54,支出,餐饮,吃饭,16.0,微信余额,,auto
2024年11月18日 18:05:25,收入,工作,工资,378.0,建行1977,,auto
2024年11月19日 08:27:40,支出,餐饮,吃饭,9.6,微信余额,,auto
2024年11月19日 10:37:08,支出,投资,投资亏损,692.0,广发证券,江淮,auto
2024年11月19日 17:01:06,收入,工作,绩效,11497.0,建行1977,,auto
2024年11月20日 14:01:12,支出,餐饮,吃饭,9.6,微信余额,,auto
2024年11月21日 14:17:10,收入,其他,二手,1441.99,建行1977,卖出MacBook2018,auto
2024年11月22日 08:54:36,支出,餐饮,吃饭,11.7,微信余额,,auto
2024年11月22日 12:28:41,支出,餐饮,吃饭,17.0,微信余额,,auto
2024年11月23日 09:22:57,支出,餐饮,吃饭,9.6,微信余额,,auto
2024年11月23日 11:48:34,支出,娱乐,网吧,30.0,微信余额,,auto
2024年11月23日 11:48:53,支出,娱乐,网吧,14.0,微信余额,,auto
2024年11月23日 20:20:46,支出,餐饮,吃饭,24.0,微信余额,,auto
2024年11月23日 20:21:10,支出,娱乐,网吧,30.6,微信余额,,auto
2024年11月23日 20:21:18,支出,娱乐,网吧,5.0,微信余额,,auto
2024年11月25日 08:29:49,支出,餐饮,吃饭,12.0,微信余额,,auto
2024年11月25日 16:30:55,支出,餐饮,吃饭,17.0,微信余额,,auto
2024年11月25日 16:31:04,支出,餐饮,饮料,16.5,建行1977,,auto
2024年11月26日 08:19:44,支出,餐饮,吃饭,12.0,微信余额,,auto
2024年11月26日 12:32:25,支出,餐饮,吃饭,9.0,微信余额,,auto
2024年11月26日 20:51:11,支出,餐饮,饮料,19.5,建行1977,,auto
2024年11月27日 08:27:10,支出,餐饮,吃饭,15.6,微信余额,,auto
2024年11月27日 12:47:53,支出,餐饮,吃饭,17.0,微信余额,,auto
2024年11月27日 13:02:50,支出,餐饮,饮料,16.5,建行1977,,auto
2024年11月27日 13:29:59,支出,餐饮,吃饭,12.0,微信余额,,auto
2024年11月28日 08:33:00,支出,餐饮,吃饭,9.9,微信余额,,auto
2024年11月28日 20:15:56,支出,餐饮,饮料,16.5,建行1977,,auto
2024年11月29日 08:25:44,支出,餐饮,吃饭,12.0,微信余额,,auto
2024年11月29日 17:55:44,支出,娱乐,网吧,99.0,建行1977,,auto
2024年11月29日 18:12:20,支出,餐饮,吃饭,24.0,微信余额,,auto
2024年11月29日 21:26:34,支出,交通,交通费,8.5,建行2109,,auto
2024年11月30日 14:06:23,支出,餐饮,饮料,21.5,建行1977,,auto
2024年11月30日 16:21:53,支出,娱乐,网吧,6.0,建行1977,,auto
2024年12月01日 17:06:32,支出,餐饮,零食,201.0,微信余额,辣椒粑,auto
2024年12月02日 08:28:57,支出,餐饮,吃饭,21.5,微信余额,,auto
2024年12月02日 12:47:08,支出,餐饮,吃饭,20.0,微信余额,,auto
2024年12月02日 12:47:19,支出,餐饮,饮料,16.5,建行1977,,auto
2024年12月03日 08:11:00,支出,餐饮,吃饭,9.6,微信余额,,auto
2024年12月03日 12:12:00,支出,餐饮,吃饭,10.0,微信余额,,auto
2024年12月03日 18:12:13,支出,餐饮,饮料,14.0,建行1977,,auto
2024年12月03日 18:12:38,收入,其他,红包,4000.0,建行2109,爸爸,auto
2024年12月03日 18:13:07,收入,工作,公积金,3662.0,建行1977,,auto
2024年12月03日 18:13:51,支出,订阅,通讯,100.0,建行2109,,auto
2024年12月03日 22:19:25,支出,餐饮,零食,7.0,微信余额,,auto
2024年12月04日 16:21:33,支出,餐饮,饮料,6.0,建行1977,,auto
2024年12月04日 18:14:04,支出,餐饮,饮料,40.0,建行1977,,auto
2024年12月05日 12:24:32,支出,餐饮,吃饭,16.0,微信余额,,auto
2024年12月06日 08:31:36,支出,餐饮,吃饭,9.6,微信余额,,auto
2024年12月06日 12:12:30,支出,餐饮,吃饭,16.0,微信余额,,auto
2024年12月06日 12:17:38,支出,餐饮,饮料,16.5,建行1977,,auto
2024年12月06日 12:21:27,支出,购物,数码,13827.2,建行1977,MacBook Pro,auto
2024年12月06日 14:26:50,支出,住房,房贷,445.0,建行2109,物业,auto
2024年12月07日 09:32:32,支出,住房,房贷,4569.0,建行2109,,auto
2024年12月07日 21:36:47,支出,餐饮,饮料,16.0,建行1977,,auto
2024年12月08日 19:58:44,支出,餐饮,零食,20.4,微信余额,,auto
2024年12月08日 21:24:01,支出,娱乐,电影,40.0,微信余额,,auto
2024年12月08日 21:39:47,支出,住房,房贷,370.6,建行2109,电费,auto
2024年12月09日 14:59:46,支出,住房,房贷,1400.34,建行2109,房贷,auto
2024年12月10日 08:39:17,支出,餐饮,吃饭,12.0,微信余额,,auto
2024年12月11日 08:55:00,支出,餐饮,吃饭,9.6,微信余额,,auto
2024年12月11日 12:19:40,支出,餐饮,吃饭,35.0,微信余额,,auto
2024年12月11日 12:22:45,支出,餐饮,饮料,16.5,建行1977,,auto
2024年12月12日 08:33:48,支出,餐饮,吃饭,12.0,微信余额,,auto
2024年12月12日 12:30:14,支出,餐饮,吃饭,61.0,微信余额,,auto
2024年12月12日 13:27:38,收入,内部流转,退款,1000.0,建行1977,装修费,待确认-退款
2024年12月12日 20:48:44,支出,餐饮,吃饭,24.0,微信余额,,auto
2024年12月13日 11:59:10,支出,餐饮,吃饭,10.6,微信余额,,auto
2024年12月13日 12:31:54,支出,娱乐,网吧,182.0,建行1977,,auto
2024年12月13日 16:12:48,支出,餐饮,饮料,18.0,建行1977,,auto
2024年12月14日 13:54:23,支出,餐饮,饮料,16.5,建行1977,,auto
2024年12月14日 20:27:05,支出,购物,日用,130.0,建行1977,,auto
2024年12月15日 22:47:08,支出,购物,玩具,13.0,建行1977,,auto
2024年12月15日 22:47:21,支出,生活,理发,75.0,微信余额,,auto
2024年12月16日 09:28:17,支出,餐饮,吃饭,11.4,微信余额,,auto
2024年12月16日 12:23:50,支出,餐饮,吃饭,19.45,建行1977,,auto
2024年12月17日 08:35:49,支出,餐饮,吃饭,17.5,建行1977,,auto
2024年12月18日 12:32:41,支出,餐饮,吃饭,16.0,建行1977,,auto
2024年12月18日 12:34:15,支出,餐饮,饮料,16.5,建行1977,,auto
2024年12月18日 16:57:46,收入,工作,工资,2829.0,建行1977,,auto
2024年12月19日 00:55:32,支出,购物,日用,74.0,建行1977,鱼缸水泵,auto
2024年12月19日 12:36:52,支出,餐饮,吃饭,32.0,建行1977,,auto
2024年12月19日 15:02:20,支出,餐饮,饮料,24.5,建行1977,,auto
2024年12月19日 16:31:49,收入,工作,工资,900.0,建行1977,话费报销,auto
2024年12月20日 16:53:09,收入,工作,绩效,4469.0,建行1977,,auto
2024年12月22日 12:00:29,支出,购物,日用,70.0,建行1977,虾蟹,auto
2024年12月22日 20:19:40,支出,餐饮,零食,64.29,建行2109,,auto
2024年12月23日 08:38:02,支出,餐饮,吃饭,9.6,微信余额,,auto
2024年12月23日 09:09:49,支出,订阅,通讯,100.0,建行1977,4309,auto
2024年12月23日 12:05:21,支出,餐饮,饮料,16.5,建行1977,,auto
2024年12月24日 08:40:07,支出,餐饮,吃饭,15.6,微信余额,,auto
2024年12月24日 12:50:11,支出,餐饮,饮料,16.5,建行1977,,auto
2024年12月25日 19:20:23,支出,餐饮,饮料,21.5,建行1977,,auto
2024年12月25日 19:20:33,支出,餐饮,吃饭,3.5,微信余额,,auto
2024年12月25日 19:20:59,收入,工作,绩效,2342.0,建行1977,4季度补发,auto
2024年12月26日 08:55:45,支出,餐饮,吃饭,20.0,微信余额,,auto
2024年12月26日 12:15:03,支出,餐饮,吃饭,16.0,微信余额,,auto
2024年12月26日 12:15:08,支出,餐饮,饮料,16.5,建行1977,,auto
2024年12月26日 18:36:17,支出,餐饮,零食,36.8,建行1977,,auto
2024年12月26日 19:59:35,支出,购物,玩具,69.0,建行1977,,auto
2024年12月27日 15:15:00,支出,餐饮,饮料,30.0,微信余额,,auto
2024年12月27日 19:14:44,支出,购物,日用,8.54,建行1977,,auto
2024年12月28日 08:32:21,支出,餐饮,吃饭,9.6,微信余额,,auto
2024年12月28日 13:32:33,支出,餐饮,饮料,21.5,建行1977,,auto
2024年12月29日 15:24:23,支出,餐饮,吃饭,224.6,微信余额,,auto
2024年12月30日 08:43:06,支出,餐饮,吃饭,14.7,微信余额,,auto
2024年12月30日 12:09:36,支出,餐饮,吃饭,12.0,微信余额,,auto
2024年12月30日 12:14:09,支出,餐饮,饮料,16.5,建行1977,,auto
2024年12月30日 14:44:50,支出,汽车,维护,3537.64,建行1977,保险,auto
2024年12月31日 08:55:17,支出,餐饮,吃饭,20.0,微信余额,,auto
2024年12月31日 13:04:49,支出,餐饮,饮料,16.5,建行1977,,auto
2025年01月01日 07:58:07,支出,餐饮,吃饭,23.9,微信余额,,auto
2025年01月01日 07:58:29,收入,其他,红包,16.08,微信余额,,auto
2025年01月02日 09:01:34,支出,餐饮,吃饭,9.6,微信余额,,auto
2025年01月02日 11:48:50,支出,餐饮,吃饭,17.0,微信余额,,auto
2025年01月02日 12:19:57,支出,餐饮,饮料,16.5,建行1977,,auto
2025年01月03日 08:30:58,支出,餐饮,吃饭,9.6,微信余额,,auto
2025年01月03日 11:52:47,支出,餐饮,吃饭,17.0,微信余额,,auto
2025年01月03日 12:26:02,支出,餐饮,饮料,16.5,建行1977,,auto
2025年01月03日 14:27:00,支出,订阅,通讯,100.0,建行2109,,auto
2025年01月03日 17:25:15,收入,工作,公积金,3662.0,建行1977,,auto
2025年01月06日 12:07:30,支出,餐饮,吃饭,20.0,微信余额,,auto
2025年01月07日 07:47:03,支出,内部流转,转账支出,3000.0,建行1977,家庭基金,内部流转-转账支出
2025年01月07日 08:08:14,支出,住房,房贷,4497.75,建行2109,,auto
2025年01月07日 09:15:42,支出,住房,房贷,1398.47,建行2109,,auto
2025年01月07日 11:54:02,支出,餐饮,吃饭,21.0,微信余额,,auto
2025年01月07日 12:17:09,支出,餐饮,饮料,16.5,建行1977,,auto
2025年01月07日 14:26:13,支出,住房,房贷,159.0,建行2109,物业,auto
2025年01月07日 14:27:31,支出,订阅,通讯,30.0,建行1977,1977短信年费,auto
2025年01月07日 18:59:22,支出,购物,日用,1589.0,建行1977,热水器,auto
2025年01月08日 08:35:38,支出,餐饮,吃饭,12.0,微信余额,,auto
2025年01月08日 12:24:19,支出,餐饮,吃饭,29.8,微信余额,,auto
2025年01月09日 09:37:00,支出,餐饮,吃饭,11.5,微信余额,,auto
2025年01月09日 11:56:24,支出,餐饮,吃饭,9.0,微信余额,,auto
2025年01月09日 12:10:59,支出,餐饮,饮料,16.5,建行1977,,auto
2025年01月09日 21:08:25,支出,餐饮,吃饭,24.0,微信余额,,auto
2025年01月09日 21:08:33,支出,住房,房贷,292.0,建行2109,电费,auto
2025年01月10日 12:30:37,支出,餐饮,饮料,19.5,建行1977,,auto
2025年01月10日 16:25:39,支出,餐饮,饮料,16.5,建行1977,,auto
2025年01月10日 16:45:24,支出,娱乐,网吧,93.0,建行1977,,auto
2025年01月12日 14:44:48,支出,购物,数码,35.8,建行1977,表带,auto
2025年01月13日 08:36:53,支出,餐饮,吃饭,12.0,微信余额,,auto
2025年01月13日 11:55:02,支出,餐饮,吃饭,42.0,建行1977,,auto
2025年01月13日 11:55:24,支出,餐饮,饮料,13.5,建行1977,,auto
2025年01月13日 18:22:21,收入,其他,二手,119.28,建行1977,热水器,auto
2025年01月14日 12:32:22,支出,餐饮,吃饭,24.0,建行1977,,auto
2025年01月15日 08:29:41,支出,餐饮,吃饭,9.6,微信余额,,auto
2025年01月15日 11:41:41,支出,餐饮,吃饭,43.0,建行1977,,auto
2025年01月15日 17:37:08,支出,餐饮,吃饭,19.0,建行1977,,auto
2025年01月16日 08:36:26,支出,餐饮,吃饭,9.6,建行1977,,auto
2025年01月17日 18:58:07,支出,餐饮,零食,9.6,建行1977,,auto
2025年01月18日 14:22:49,支出,餐饮,饮料,23.0,建行1977,,auto
2025年01月19日 21:14:54,支出,餐饮,饮料,12.0,建行1977,,auto
2025年01月20日 08:57:55,支出,餐饮,吃饭,9.6,建行1977,,auto
2025年01月20日 11:54:13,支出,娱乐,网吧,93.0,建行1977,,auto
2025年01月20日 12:07:28,支出,餐饮,吃饭,21.4,建行1977,,auto
2025年01月21日 08:50:18,支出,餐饮,吃饭,12.0,微信余额,,auto
2025年01月21日 12:29:22,支出,餐饮,吃饭,17.1,微信余额,,auto
2025年01月21日 21:56:02,支出,购物,玩具,84.0,建行1977,,auto
2025年01月22日 13:33:04,支出,餐饮,吃饭,22.0,微信余额,,auto
2025年01月22日 16:51:00,支出,餐饮,饮料,39.0,微信余额,,auto
2025年01月22日 16:52:00,支出,娱乐,网吧,3.0,微信余额,,auto
2025年01月23日 13:53:00,支出,餐饮,吃饭,24.88,建行1977,,auto
2025年01月23日 18:33:30,收入,工作,绩效,1621.0,建行1977,,auto
2025年01月23日 18:33:45,收入,工作,年终奖,40939.0,建行1977,,auto
2025年01月24日 08:51:00,支出,餐饮,吃饭,6.6,建行1977,,auto
2025年01月24日 12:52:00,支出,交通,交通费,30.0,建行1977,,auto
2025年01月24日 13:52:00,支出,餐饮,吃饭,27.0,建行1977,,auto
2025年01月24日 14:51:47,支出,娱乐,网吧,21.0,微信余额,,auto
2025年01月24日 14:53:06,支出,餐饮,饮料,13.8,建行1977,,auto
2025年01月25日 13:47:02,支出,交通,交通费,11.0,微信余额,,auto
2025年01月25日 21:21:14,支出,生活,育儿,39.9,建行1977,,auto
2025年01月25日 22:10:34,支出,餐饮,零食,64.0,建行1977,,auto
2025年01月26日 12:54:47,支出,餐饮,饮料,18.2,建行1977,,auto
2025年01月26日 12:55:16,支出,餐饮,吃饭,25.0,建行1977,,auto
2025年01月26日 13:01:41,支出,娱乐,网吧,93.0,建行1977,,auto
2025年01月27日 14:31:36,支出,餐饮,饮料,23.0,建行1977,,auto
2025年01月28日 21:50:10,支出,其他,红包支出,12000.0,建行1977,爸妈红包,auto
2025年01月31日 22:46:00,支出,娱乐,游戏,46.0,微信余额,,auto
2025年01月31日 22:47:00,支出,娱乐,游戏,18.62,微信余额,战地5,auto
2025年02月01日 01:45:00,收入,内部流转,转账收入,24000.0,建行2109,老爸,内部流转-转账收入
2025年02月01日 01:45:00,收入,工作,公积金,3662.0,建行1977,,auto
2025年02月03日 09:24:16,支出,订阅,通讯,100.0,建行2109,,auto
2025年02月03日 13:57:39,支出,订阅,其他订阅,11.0,建行1977,VPN,auto
2025年02月03日 17:58:51,支出,餐饮,吃饭,23.5,微信余额,,auto
2025年02月03日 21:51:32,支出,餐饮,吃饭,27.6,建行1977,,auto
2025年02月05日 09:50:51,支出,餐饮,吃饭,12.0,建行1977,,auto
2025年02月05日 10:18:58,支出,投资,投资亏损,562.0,广发证券,中国移动,auto
2025年02月05日 12:25:11,收入,工作,过节费,1880.0,建行1977,,auto
2025年02月05日 13:41:32,支出,购物,服饰,118.4,建行1977,丝袜,auto
2025年02月06日 21:33:27,支出,餐饮,饮料,15.0,建行1977,,auto
2025年02月07日 08:56:48,支出,住房,房贷,4497.75,建行2109,房贷,auto
2025年02月07日 08:57:17,支出,内部流转,转账支出,3000.0,建行1977,朱,内部流转-转账支出
2025年02月07日 15:43:54,支出,餐饮,零食,31.42,建行1977,,auto
2025年02月08日 20:49:09,支出,餐饮,零食,8.72,建行1977,,auto
2025年02月08日 20:49:45,支出,住房,房贷,1391.12,建行2109,,auto
2025年02月12日 18:54:00,支出,餐饮,饮料,14.0,建行1977,,auto
2025年02月15日 18:47:00,支出,餐饮,饮料,17.0,微信余额,,auto
2025年02月15日 18:54:00,支出,娱乐,按摩,217.0,建行1977,,auto
2025年02月16日 12:46:00,支出,餐饮,吃饭,198.0,微信余额,,auto
2025年02月16日 18:53:00,支出,餐饮,饮料,18.0,建行1977,,auto
2025年02月16日 18:53:00,支出,生活,理发,48.0,建行1977,,auto
2025年02月17日 08:46:00,支出,餐饮,吃饭,22.7,微信余额,,auto
2025年02月17日 18:53:00,支出,餐饮,饮料,24.0,建行1977,,auto
2025年02月17日 18:53:00,支出,餐饮,吃饭,22.8,建行1977,,auto
2025年02月18日 12:45:00,支出,餐饮,吃饭,28.0,微信余额,,auto
2025年02月18日 18:45:00,支出,餐饮,吃饭,9.9,微信余额,,auto
2025年02月18日 18:52:00,收入,工作,工资,3021.19,建行1977,,auto
2025年02月18日 18:52:00,支出,餐饮,饮料,21.0,建行1977,,auto
2025年02月19日 12:51:00,支出,餐饮,饮料,21.0,建行1977,,auto
2025年02月19日 18:51:00,支出,订阅,通讯,200.0,建行1977,,auto
2025年02月20日 12:44:00,支出,餐饮,吃饭,47.0,微信余额,,auto
2025年02月20日 18:51:00,支出,餐饮,吃饭,21.3,微信余额,,auto
2025年02月21日 08:45:00,支出,餐饮,吃饭,9.9,微信余额,,auto
2025年02月21日 12:44:00,支出,餐饮,吃饭,16.0,微信余额,,auto
2025年02月22日 08:43:00,支出,餐饮,吃饭,9.9,微信余额,,auto
2025年02月22日 09:55:00,支出,订阅,其他订阅,68.0,微信余额,AppleCloud,auto
2025年02月22日 12:49:00,支出,餐饮,饮料,24.0,建行1977,,auto
2025年02月22日 12:50:00,支出,娱乐,网吧,94.0,建行1977,,auto
2025年02月24日 08:41:00,支出,餐饮,吃饭,9.9,微信余额,,auto
2025年02月24日 12:35:00,支出,餐饮,吃饭,16.0,微信余额,,auto
2025年02月24日 12:40:00,支出,餐饮,饮料,19.0,建行1977,,auto
2025年02月24日 20:44:33,支出,生活,育儿,29.9,微信余额,泡沫球,auto
2025年02月24日 20:47:03,支出,餐饮,饮料,16.0,微信余额,,auto
2025年02月25日 08:25:15,支出,餐饮,吃饭,7.5,微信余额,,auto
2025年02月26日 08:30:57,支出,餐饮,吃饭,9.9,微信余额,,auto
2025年02月26日 12:51:45,支出,餐饮,饮料,28.9,建行1977,,auto
2025年02月27日 08:12:13,支出,餐饮,吃饭,9.9,微信余额,,auto
2025年02月27日 12:05:49,支出,餐饮,吃饭,16.0,微信余额,,auto
2025年02月27日 12:07:30,支出,餐饮,饮料,19.0,建行1977,,auto
2025年02月27日 17:41:31,收入,工作,绩效,3300.0,建行1977,,auto
2025年02月28日 08:12:54,支出,餐饮,吃饭,12.3,微信余额,,auto
2025年03月01日 14:15:52,收入,其他,二手,300.0,微信余额,LG显示器,auto
2025年03月01日 19:51:31,支出,交通,交通费,6.0,微信余额,,auto
2025年03月03日 00:00:00,收入,工作,公积金,3662.0,建行1977,,auto
2025年03月03日 08:12:29,支出,订阅,通讯,100.0,建行2109,,auto
2025年03月03日 08:16:31,支出,餐饮,吃饭,9.9,微信余额,,auto
2025年03月03日 08:45:36,支出,购物,数码,843.09,建行1977,小米显示器,auto
2025年03月03日 12:22:23,支出,餐饮,吃饭,16.0,微信余额,,auto
2025年03月03日 12:25:05,支出,餐饮,饮料,19.0,建行1977,,auto
2025年03月03日 23:45:09,支出,订阅,其他订阅,39.6,微信余额,VPN,auto
2025年03月04日 08:12:28,支出,餐饮,吃饭,9.9,微信余额,,auto
2025年03月04日 11:46:34,支出,餐饮,吃饭,14.0,微信余额,,auto
2025年03月04日 12:19:54,支出,餐饮,饮料,19.0,建行1977,,auto
2025年03月04日 12:26:47,支出,娱乐,网吧,94.0,建行1977,,auto
2025年03月05日 08:11:27,支出,餐饮,吃饭,7.5,微信余额,,auto
2025年03月05日 12:17:21,支出,餐饮,吃饭,18.0,微信余额,,auto
2025年03月05日 21:54:40,支出,餐饮,吃饭,100.0,微信余额,,auto
2025年03月06日 08:20:30,支出,餐饮,吃饭,9.9,微信余额,,auto
2025年03月06日 12:13:45,支出,餐饮,吃饭,16.88,微信余额,,auto
2025年03月07日 00:00:00,支出,内部流转,转账支出,3000.0,建行1977,家庭,内部流转-转账支出
2025年03月07日 00:05:00,支出,住房,房贷,5888.87,建行2109,房贷,auto
2025年03月07日 08:15:57,支出,餐饮,吃饭,9.9,微信余额,,auto
2025年03月07日 12:09:14,支出,餐饮,吃饭,16.0,微信余额,,auto
2025年03月07日 12:11:25,支出,餐饮,饮料,19.0,建行1977,,auto
2025年03月07日 21:34:48,支出,购物,数码,44.1,建行1977,鼠标垫,auto
2025年03月08日 14:57:06,支出,订阅,其他订阅,11.0,建行1977,Apple Music 3个月优惠,auto
2025年03月08日 21:03:25,支出,购物,服饰,189.0,建行1977,鞋,auto
2025年03月10日 08:19:54,支出,餐饮,吃饭,11.4,微信余额,,auto
2025年03月10日 10:52:16,支出,生活,育儿,135.0,建行1977,磁吸玩具,auto
2025年03月10日 17:21:05,支出,餐饮,零食,39.8,建行1977,,auto
2025年03月11日 09:27:59,支出,餐饮,吃饭,9.9,微信余额,,auto
2025年03月11日 11:50:56,支出,餐饮,吃饭,28.0,微信余额,,auto
2025年03月11日 13:55:46,支出,餐饮,饮料,11.5,微信余额,,auto
2025年03月11日 20:11:18,支出,住房,房贷,281.06,建行2109,电费,auto
2025年03月12日 12:08:00,支出,餐饮,吃饭,25.0,微信余额,,auto
2025年03月13日 12:15:21,支出,餐饮,吃饭,16.0,微信余额,,auto
2025年03月13日 12:17:49,支出,餐饮,饮料,16.5,建行1977,,auto
2025年03月14日 10:00:00,支出,投资,投资亏损,2200.0,广发证券,美的集团,auto
2025年03月15日 10:40:53,支出,餐饮,吃饭,27.0,微信余额,,auto
2025年03月15日 17:34:52,支出,购物,数码,152.0,建行1977,cpu散热器,auto
2025年03月17日 08:12:18,支出,餐饮,吃饭,9.9,微信余额,,auto
2025年03月17日 12:11:49,支出,餐饮,吃饭,16.0,微信余额,,auto
2025年03月17日 12:11:54,支出,餐饮,饮料,16.5,建行1977,,auto
2025年03月18日 08:22:34,支出,餐饮,吃饭,9.9,微信余额,,auto
2025年03月18日 16:48:09,支出,餐饮,吃饭,16.0,微信余额,,auto
2025年03月18日 16:48:11,支出,餐饮,饮料,16.5,建行1977,,auto
2025年03月18日 16:48:49,收入,工作,工资,9522.19,建行1977,包含考试奖金,auto
2025年03月19日 08:16:45,支出,餐饮,吃饭,9.9,微信余额,,auto
2025年03月19日 12:35:08,支出,餐饮,饮料,16.5,建行1977,,auto
2025年03月19日 12:35:11,支出,餐饮,吃饭,16.0,微信余额,,auto
2025年03月20日 11:53:20,支出,餐饮,吃饭,29.0,微信余额,,auto
2025年03月21日 08:19:35,支出,餐饮,吃饭,15.0,微信余额,,auto
2025年03月21日 13:03:00,支出,餐饮,饮料,16.5,建行1977,,auto
2025年03月21日 13:03:12,支出,餐饮,吃饭,16.0,微信余额,,auto
2025年03月21日 13:15:19,支出,娱乐,网吧,95.0,建行1977,,auto
2025年03月22日 19:00:00,支出,订阅,其他订阅,68.0,微信余额,Apple Cloud,auto
2025年03月22日 20:03:25,收入,工作,工资,684.0,建行1977,退税,auto
2025年03月24日 12:15:57,支出,餐饮,吃饭,16.0,微信余额,,auto
2025年03月24日 12:17:47,支出,餐饮,饮料,19.6,建行1977,,auto
2025年03月24日 19:17:58,支出,餐饮,饮料,7.5,微信余额,,auto
2025年03月25日 08:23:33,支出,餐饮,吃饭,24.5,微信余额,,auto
2025年03月25日 12:40:52,支出,餐饮,吃饭,41.0,微信余额,,auto
2025年03月25日 13:16:24,支出,餐饮,饮料,16.5,建行1977,,auto
2025年03月26日 08:21:39,支出,餐饮,吃饭,9.9,微信余额,,auto
2025年03月26日 12:44:56,支出,餐饮,吃饭,16.0,微信余额,,auto
2025年03月26日 12:47:18,支出,餐饮,饮料,16.5,建行1977,,auto
2025年03月27日 08:20:33,支出,餐饮,吃饭,12.3,微信余额,,auto
2025年03月27日 11:58:53,支出,餐饮,吃饭,26.0,微信余额,,auto
2025年03月27日 12:19:34,支出,餐饮,饮料,16.5,建行1977,,auto
2025年03月28日 00:00:00,支出,住房,房贷,6.0,微信余额,测试,auto
2025年03月28日 08:21:15,支出,餐饮,吃饭,9.9,微信余额,,auto
2025年03月28日 12:22:39,支出,餐饮,吃饭,26.0,微信余额,,auto
2025年03月28日 12:45:17,支出,餐饮,饮料,16.5,建行1977,,auto
2025年03月29日 08:44:26,支出,餐饮,吃饭,12.3,微信余额,,auto
2025年03月29日 12:06:39,支出,餐饮,吃饭,23.2,微信余额,,auto
2025年03月29日 14:28:38,支出,娱乐,网吧,6.0,微信余额,,auto
2025年03月29日 17:12:28,支出,汽车,维护,187.0,微信余额,保养，换空调滤芯,auto
2025年03月30日 20:49:44,支出,餐饮,零食,11.59,建行1977,,auto
2025年03月31日 08:18:41,支出,餐饮,吃饭,9.9,微信余额,,auto
2025年03月31日 12:16:28,支出,餐饮,吃饭,16.0,微信余额,,auto
2025年03月31日 12:16:33,支出,餐饮,饮料,16.5,建行1977,,auto
2025年04月01日 12:48:47,支出,餐饮,饮料,35.0,建行1977,,auto
2025年04月01日 13:55:28,收入,投资,投资收益,66.37,广发证券,美的,auto
2025年04月01日 16:42:04,支出,餐饮,饮料,13.0,建行1977,,auto
2025年04月01日 16:42:15,支出,娱乐,网吧,50.0,微信余额,,auto
2025年04月02日 08:22:00,支出,餐饮,吃饭,12.0,微信余额,,auto
2025年04月02日 15:22:25,支出,餐饮,吃饭,16.0,微信余额,,auto
2025年04月02日 15:22:53,支出,餐饮,饮料,19.0,建行1977,,auto
2025年04月02日 20:54:14,支出,餐饮,零食,7.8,建行1977,,auto
2025年04月03日 00:00:00,收入,工作,公积金,3662.0,建行1977,,auto
2025年04月03日 08:15:50,支出,餐饮,吃饭,12.3,微信余额,,auto
2025年04月03日 09:08:39,支出,订阅,通讯,100.0,建行2109,,auto
2025年04月04日 09:50:30,支出,餐饮,吃饭,29.0,微信余额,,auto
2025年04月04日 18:12:43,支出,餐饮,吃饭,36.2,建行2109,,auto
2025年04月05日 15:52:20,支出,餐饮,饮料,38.0,建行1977,,auto
2025年04月06日 11:58:37,支出,餐饮,吃饭,25.0,建行2109,,auto
2025年04月07日 00:00:00,支出,内部流转,转账支出,3000.0,建行1977,家庭,内部流转-转账支出
2025年04月07日 12:07:24,支出,餐饮,吃饭,16.0,微信余额,,auto
2025年04月07日 12:13:02,支出,餐饮,饮料,12.9,建行1977,,auto
2025年04月07日 12:21:38,支出,娱乐,网吧,93.0,建行1977,,auto
2025年04月07日 14:46:56,支出,投资,投资亏损,19942.0,广发证券,顺丰,auto
2025年04月07日 15:53:00,支出,住房,房贷,5888.87,建行2109,房贷,auto
2025年04月07日 21:35:00,支出,餐饮,零食,24.5,微信余额,,auto
2025年04月08日 08:22:07,支出,餐饮,吃饭,12.3,微信余额,,auto
2025年04月08日 12:14:56,支出,餐饮,吃饭,16.0,微信余额,,auto
2025年04月09日 08:38:14,支出,餐饮,吃饭,11.7,微信余额,,auto
2025年04月09日 10:07:33,支出,投资,投资亏损,182.37,广发证券,农业银行,auto
2025年04月09日 11:57:52,支出,餐饮,吃饭,26.8,微信余额,,auto
2025年04月09日 13:54:33,支出,餐饮,饮料,12.16,微信余额,,auto
2025年04月09日 14:22:01,收入,投资,投资收益,113.38,广发证券,美的,auto
2025年04月10日 09:33:53,支出,投资,投资亏损,90.0,广发证券,,auto
2025年04月10日 12:58:42,支出,餐饮,饮料,25.0,建行1977,,auto
2025年04月10日 20:10:32,支出,住房,房贷,332.95,建行2109,,auto
2025年04月11日 08:32:20,支出,餐饮,吃饭,15.0,建行1977,,auto
2025年04月11日 14:49:50,支出,餐饮,吃饭,24.0,微信余额,,auto
2025年04月11日 14:49:55,支出,餐饮,饮料,20.0,微信余额,,auto
2025年04月11日 15:26:18,支出,餐饮,饮料,50.5,建行1977,,auto
2025年04月11日 16:34:14,支出,生活,育儿,163.0,建行2109,走路裤,auto
2025年04月12日 10:03:08,支出,汽车,维护,25.0,建行1977,玻璃水,auto
2025年04月12日 20:00:28,支出,餐饮,吃饭,1500.0,建行1977,沅江水,auto
2025年04月14日 12:16:18,支出,餐饮,饮料,41.5,建行1977,,auto
2025年04月14日 13:35:53,收入,投资,投资收益,239.43,广发证券,鼎龙股份,auto
2025年04月14日 21:28:20,支出,餐饮,零食,17.7,建行2109,,auto
2025年04月15日 08:20:10,支出,餐饮,吃饭,9.9,微信余额,,auto
2025年04月15日 10:16:45,支出,投资,投资亏损,123.54,广发证券,中国海防,auto
2025年04月15日 10:17:09,支出,投资,投资亏损,205.54,广发证券,紫光国微,auto
2025年04月15日 12:03:09,支出,餐饮,吃饭,21.9,微信余额,,auto
2025年04月15日 12:39:45,支出,娱乐,网吧,21.0,微信余额,,auto
2025年04月16日 10:27:00,收入,投资,投资收益,51.34,广发证券,美的集团,auto
2025年04月16日 10:28:00,支出,餐饮,吃饭,7.0,微信余额,,auto
2025年04月18日 10:26:19,支出,投资,投资亏损,53.15,广发证券,诺德股份,auto
2025年04月18日 12:13:41,支出,餐饮,吃饭,16.0,建行1977,,auto
2025年04月18日 12:14:25,支出,其他,调整支出,35.8,微信余额,,auto
2025年04月18日 16:19:02,收入,工作,工资,7416.19,建行1977,,auto
2025年04月19日 15:51:51,支出,餐饮,吃饭,100.0,建行1977,,auto
2025年04月21日 08:15:22,支出,餐饮,吃饭,9.9,建行1977,,auto
2025年04月21日 09:58:55,收入,投资,投资收益,128.84,广发证券,光线传媒,auto
2025年04月21日 10:22:48,支出,投资,投资亏损,23.0,广发证券,华发股份,auto
2025年04月21日 12:19:04,支出,娱乐,网吧,91.0,建行1977,,auto
2025年04月22日 08:22:21,支出,餐饮,吃饭,9.9,建行1977,,auto
2025年04月22日 10:45:07,支出,投资,投资亏损,500.0,广发证券,光线传媒,auto
2025年04月22日 19:00:00,支出,订阅,其他订阅,68.0,微信余额,Apple Cloud,auto
2025年04月22日 21:12:54,支出,餐饮,饮料,21.0,建行1977,,auto
2025年04月23日 08:18:28,支出,餐饮,吃饭,9.9,建行1977,,auto
2025年04月23日 12:23:00,支出,餐饮,吃饭,16.0,建行1977,,auto
2025年04月24日 08:22:40,支出,餐饮,吃饭,9.9,建行1977,,auto
2025年04月24日 12:24:00,支出,餐饮,饮料,21.0,建行1977,,auto
2025年04月24日 20:48:58,支出,餐饮,饮料,12.5,建行1977,,auto
2025年04月24日 21:28:00,支出,购物,数码,1359.0,建行1977,boox leaf5,auto
2025年04月25日 08:24:31,支出,餐饮,吃饭,9.9,建行1977,,auto
2025年04月25日 11:27:00,支出,购物,服饰,109.0,建行1977,回力,auto
2025年04月27日 13:56:19,支出,餐饮,饮料,23.5,建行1977,,auto
2025年04月27日 17:25:34,支出,订阅,通讯,100.0,建行1977,,auto
2025年04月27日 21:08:32,支出,餐饮,饮料,11.41,建行1977,,auto
2025年04月28日 08:23:18,支出,餐饮,吃饭,13.5,建行1977,,auto
2025年04月28日 11:58:16,支出,餐饮,吃饭,3.0,建行1977,,auto
2025年04月28日 11:59:11,支出,餐饮,饮料,16.5,建行1977,,auto
2025年04月29日 08:22:16,支出,餐饮,吃饭,9.9,建行1977,,auto
2025年04月29日 09:50:15,支出,投资,投资亏损,170.0,广发证券,中国核电,auto
2025年04月30日 11:44:06,支出,餐饮,吃饭,18.0,建行1977,,auto
2025年04月30日 12:10:38,支出,餐饮,饮料,16.5,建行1977,,auto
2025年05月01日 08:48:13,支出,餐饮,吃饭,15.0,建行1977,,auto
2025年05月01日 18:29:34,收入,其他,副业,2700.0,微信余额,,auto
2025年05月01日 18:55:37,支出,餐饮,吃饭,17.7,微信余额,,auto
2025年05月02日 11:47:34,支出,生活,育儿,29.9,微信余额,球,auto
2025年05月02日 12:32:51,支出,餐饮,吃饭,29.0,微信余额,,auto
2025年05月02日 20:37:00,支出,餐饮,饮料,18.0,微信余额,,auto
2025年05月03日 00:00:00,收入,工作,公积金,3662.0,建行1977,,auto
2025年05月03日 14:58:40,支出,订阅,通讯,200.0,建行2109,,auto
2025年05月04日 14:38:00,支出,餐饮,吃饭,118.8,微信余额,,auto
2025年05月04日 20:38:00,支出,餐饮,吃饭,18.0,微信余额,,auto
2025年05月06日 14:39:10,支出,生活,学习,9.0,微信余额,微信读书,auto
2025年05月06日 14:39:23,支出,餐饮,吃饭,16.0,微信余额,,auto
2025年05月06日 14:39:35,支出,餐饮,饮料,16.5,建行1977,,auto
2025年05月07日 00:00:00,支出,内部流转,转账支出,3000.0,建行1977,家庭,内部流转-转账支出
2025年05月07日 08:30:01,支出,餐饮,吃饭,15.0,微信余额,,auto
2025年05月07日 09:12:43,支出,住房,房贷,447.7,建行2109,,auto
2025年05月07日 12:03:08,支出,餐饮,吃饭,9.9,微信余额,,auto
2025年05月07日 12:21:50,支出,餐饮,饮料,16.5,建行1977,,auto
2025年05月07日 15:53:00,支出,住房,房贷,5888.87,建行2109,房贷,auto
2025年05月07日 17:27:13,支出,娱乐,网吧,188.0,建行1977,,auto
2025年05月07日 18:45:13,支出,餐饮,吃饭,24.0,微信余额,,auto
2025年05月08日 12:00:37,支出,餐饮,吃饭,11.9,微信余额,,auto
2025年05月08日 12:01:28,支出,餐饮,饮料,16.5,建行1977,,auto
2025年05月09日 08:23:39,支出,餐饮,吃饭,21.7,微信余额,早餐卡,auto
2025年05月09日 20:07:49,支出,住房,房贷,419.34,建行2109,,auto
2025年05月09日 21:15:56,支出,生活,运动,19.9,微信余额,,auto
2025年05月11日 21:15:36,支出,餐饮,饮料,11.0,建行1977,,auto
2025年05月12日 08:18:23,支出,餐饮,吃饭,9.8,建行1977,,auto
2025年05月12日 11:44:06,支出,餐饮,吃饭,12.0,微信余额,,auto
2025年05月12日 11:44:15,支出,餐饮,饮料,16.5,建行1977,,auto
2025年05月12日 21:19:06,支出,生活,宠物,35.0,建行2109,,auto
2025年05月12日 21:50:23,支出,生活,理发,30.0,建行1977,,auto
2025年05月13日 11:32:50,支出,餐饮,吃饭,24.0,微信余额,,auto
2025年05月13日 11:32:55,支出,餐饮,饮料,16.5,建行1977,,auto
2025年05月14日 08:23:51,支出,餐饮,吃饭,9.9,微信余额,,auto
2025年05月14日 10:00:44,支出,投资,投资亏损,143.0,广发证券,歌尔股份,auto
2025年05月14日 10:01:05,支出,投资,投资亏损,33.5,广发证券,顺丰,auto
2025年05月14日 10:03:34,收入,投资,投资收益,66.5,广发证券,紫光国威,auto
2025年05月14日 11:58:28,支出,餐饮,吃饭,17.0,微信余额,,auto
2025年05月14日 12:19:00,支出,餐饮,饮料,16.5,建行1977,,auto
2025年05月15日 08:26:18,支出,餐饮,吃饭,7.5,微信余额,,auto
2025年05月15日 14:14:22,支出,餐饮,吃饭,3.9,微信余额,,auto
2025年05月16日 08:21:10,支出,餐饮,吃饭,9.9,微信余额,,auto
2025年05月16日 11:50:32,支出,餐饮,吃饭,12.0,微信余额,,auto
2025年05月16日 12:11:43,支出,餐饮,饮料,16.5,建行1977,,auto
2025年05月16日 17:44:20,收入,工作,工资,4912.0,建行1977,,auto
2025年05月18日 13:30:11,支出,餐饮,吃饭,186.0,微信余额,,auto
2025年05月18日 15:07:54,支出,购物,礼物,2058.0,微信余额,墨镜523,auto
2025年05月19日 08:56:10,支出,餐饮,吃饭,9.9,微信余额,,auto
2025年05月19日 11:48:40,支出,餐饮,吃饭,18.0,微信余额,,auto
2025年05月19日 12:09:43,支出,餐饮,饮料,16.5,建行1977,,auto
2025年05月19日 17:58:09,支出,住房,房贷,50.0,建行1977,补办身份证,auto
2025年05月20日 08:20:43,支出,餐饮,吃饭,9.9,微信余额,,auto
2025年05月20日 12:49:40,支出,餐饮,吃饭,12.0,微信余额,,auto
2025年05月20日 12:49:48,支出,餐饮,饮料,16.5,建行1977,,auto
2025年05月21日 08:22:27,支出,餐饮,吃饭,9.9,微信余额,,auto
2025年05月21日 09:38:58,支出,投资,投资亏损,478.79,广发证券,东方中科,auto
2025年05月21日 12:21:44,支出,交通,交通费,68.0,微信余额,通行证回执,auto
2025年05月21日 12:32:15,支出,交通,交通费,75.0,建行1977,通行证,auto
2025年05月21日 12:45:11,支出,餐饮,吃饭,12.0,微信余额,,auto
2025年05月21日 12:56:44,支出,餐饮,饮料,16.5,建行1977,,auto
2025年05月22日 08:21:27,支出,餐饮,吃饭,9.9,微信余额,,auto
2025年05月22日 12:38:48,支出,餐饮,吃饭,20.0,建行1977,,auto
2025年05月22日 19:00:00,支出,订阅,其他订阅,68.0,微信余额,Apple Cloud,auto
2025年05月23日 08:25:29,支出,餐饮,吃饭,12.3,建行1977,,auto
2025年05月23日 11:45:59,支出,餐饮,吃饭,18.0,微信余额,,auto
2025年05月23日 12:09:12,支出,餐饮,饮料,16.5,建行1977,,auto
2025年05月24日 08:42:34,支出,餐饮,吃饭,12.3,微信余额,,auto
2025年05月24日 14:13:50,支出,餐饮,饮料,4.0,建行1977,,auto
2025年05月25日 14:26:10,支出,购物,日用,207.9,建行1977,相纸,auto
2025年05月25日 15:20:35,支出,生活,宠物,32.9,建行1977,虾,auto
2025年05月26日 08:23:40,支出,餐饮,吃饭,9.9,建行1977,,auto
2025年05月26日 11:59:48,支出,餐饮,吃饭,17.0,建行1977,,auto
2025年05月26日 12:23:26,支出,餐饮,饮料,16.5,建行1977,,auto
2025年05月26日 18:28:13,收入,工作,绩效,9700.0,建行1977,董事奖励金,auto
2025年05月27日 00:15:29,支出,餐饮,零食,21.9,建行1977,,auto
2025年05月27日 08:24:12,支出,餐饮,吃饭,10.2,建行1977,,auto
2025年05月27日 09:41:50,支出,投资,投资亏损,200.0,广发证券,长电科技,auto
2025年05月27日 16:05:00,支出,内部流转,转账支出,350.0,建行1977,公司捐款保险,内部流转-转账支出
2025年05月27日 20:05:00,支出,餐饮,吃饭,12.0,微信余额,,auto
2025年05月28日 12:03:00,支出,餐饮,饮料,9.9,微信余额,,auto
2025年05月28日 12:04:00,支出,餐饮,吃饭,16.0,微信余额,,auto
2025年05月29日 09:03:00,支出,餐饮,吃饭,10.2,建行1977,,auto
2025年05月29日 16:03:02,支出,餐饮,吃饭,32.0,建行1977,,auto
2025年05月29日 16:03:14,支出,餐饮,饮料,43.0,建行1977,,auto
2025年05月30日 08:22:06,支出,餐饮,吃饭,9.9,微信余额,,auto
2025年05月30日 13:35:00,收入,投资,投资收益,650.0,广发证券,华大九天,auto
2025年05月30日 13:35:16,支出,餐饮,吃饭,12.0,建行1977,,auto
2025年05月30日 13:35:24,支出,餐饮,饮料,14.0,建行1977,,auto
2025年05月31日 13:29:51,支出,餐饮,吃饭,74.0,建行1977,,auto
2025年05月31日 17:46:53,支出,购物,玩具,29.0,建行1977,冰箱贴,auto
2025年05月31日 19:10:43,支出,餐饮,吃饭,108.6,建行1977,,auto
2025年06月01日 23:14:45,支出,交通,交通费,80.0,建行1977,一周一次澳门通行证,auto
2025年06月03日 00:00:00,收入,工作,公积金,3662.0,建行1977,,auto
2025年06月03日 08:20:33,支出,餐饮,吃饭,9.9,建行1977,,auto
2025年06月03日 10:47:22,支出,订阅,通讯,100.0,建行2109,,auto
2025年06月03日 12:30:48,支出,餐饮,饮料,16.0,建行1977,,auto
2025年06月03日 22:47:10,支出,订阅,其他订阅,63.9,建行1977,VPN vtwo,auto
2025年06月04日 00:03:57,支出,购物,日用,16.8,建行1977,植物营养液,auto
2025年06月04日 11:23:33,支出,投资,投资亏损,227.0,广发证券,美的,auto
2025年06月04日 12:57:48,支出,餐饮,饮料,16.0,建行1977,,auto
2025年06月04日 12:57:52,支出,餐饮,吃饭,16.0,建行1977,,auto
2025年06月04日 17:42:33,支出,餐饮,零食,19.9,建行1977,,auto
2025年06月05日 12:31:07,支出,餐饮,吃饭,16.0,建行1977,,auto
2025年06月05日 12:31:09,支出,餐饮,饮料,14.0,建行1977,,auto
2025年06月05日 12:34:00,支出,娱乐,网吧,99.0,建行1977,,auto
2025年06月05日 18:11:02,支出,生活,学习,5.0,建行1977,微信读书挑战,auto
2025年06月06日 08:24:24,支出,餐饮,吃饭,9.9,微信余额,,auto
2025年06月06日 12:23:59,支出,餐饮,吃饭,16.0,微信余额,,auto
2025年06月06日 12:27:53,支出,餐饮,饮料,16.0,建行1977,,auto
2025年06月07日 00:00:00,支出,内部流转,转账支出,3000.0,建行1977,家庭,内部流转-转账支出
2025年06月07日 15:53:00,支出,住房,房贷,5888.87,建行2109,房贷,auto
2025年06月08日 14:08:46,支出,购物,数码,56.0,建行1977,,auto
2025年06月08日 23:03:43,支出,购物,日用,193.0,建行1977,滤芯ppc5,auto
2025年06月09日 00:02:30,支出,购物,日用,81.0,建行1977,新风滤芯,auto
2025年06月09日 20:21:20,支出,住房,房贷,620.71,建行2109,电费,auto
2025年06月10日 12:26:39,支出,餐饮,吃饭,12.0,微信余额,,auto
2025年06月10日 12:30:39,支出,餐饮,饮料,17.0,建行1977,,auto
2025年06月11日 08:21:14,支出,餐饮,吃饭,9.9,微信余额,,auto
2025年06月11日 12:05:00,支出,餐饮,吃饭,6.0,微信余额,,auto
2025年06月11日 18:12:00,支出,餐饮,吃饭,30.0,建行1977,,auto
2025年06月11日 18:33:44,支出,餐饮,饮料,17.0,建行1977,,auto
2025年06月12日 10:23:58,收入,投资,投资收益,173.39,广发证券,北方稀土,auto
2025年06月12日 11:56:31,支出,餐饮,吃饭,17.0,微信余额,,auto
2025年06月12日 12:22:19,支出,餐饮,饮料,26.0,建行1977,,auto
2025年06月15日 00:25:00,支出,餐饮,吃饭,20.0,建行1977,,auto
2025年06月15日 10:24:00,支出,购物,数码,663.0,建行1977,iPhone13电池，以及屏幕,auto
2025年06月16日 00:26:25,支出,购物,玩具,74.5,建行1977,瑞克和莫蒂,auto
2025年06月16日 08:30:33,支出,餐饮,吃饭,24.2,微信余额,,auto
2025年06月16日 12:20:25,支出,餐饮,吃饭,25.0,微信余额,,auto
2025年06月16日 12:55:48,支出,餐饮,饮料,16.5,建行1977,,auto
2025年06月17日 08:39:28,支出,餐饮,吃饭,9.9,微信余额,,auto
2025年06月17日 12:16:23,支出,餐饮,饮料,16.5,建行1977,,auto
2025年06月18日 09:16:00,支出,订阅,其他订阅,693.6,建行1977,Apple Cloud 年费,auto
2025年06月18日 12:04:50,支出,餐饮,吃饭,16.0,微信余额,,auto
2025年06月18日 12:57:27,支出,餐饮,饮料,16.5,建行1977,,auto
2025年06月18日 17:29:12,收入,工作,工资,5500.0,建行1977,,auto
2025年06月18日 17:29:24,收入,工作,工资,1933.37,建行1977,,auto
2025年06月19日 08:19:08,支出,餐饮,吃饭,9.9,微信余额,,auto
2025年06月19日 12:06:24,支出,餐饮,吃饭,12.0,微信余额,,auto
2025年06月19日 12:11:49,支出,娱乐,网吧,90.0,建行1977,,auto
2025年06月20日 12:09:25,支出,餐饮,吃饭,16.0,微信余额,,auto
2025年06月20日 12:09:32,支出,餐饮,饮料,17.0,建行1977,,auto
2025年06月23日 09:57:15,支出,餐饮,吃饭,9.9,微信余额,,auto
2025年06月23日 11:57:52,支出,餐饮,饮料,16.5,建行1977,,auto
2025年06月23日 11:58:06,支出,餐饮,吃饭,16.0,建行1977,,auto
2025年06月23日 16:24:35,支出,餐饮,饮料,10.0,微信余额,,auto
2025年06月24日 12:25:47,支出,餐饮,饮料,16.5,建行1977,,auto
2025年06月25日 12:26:43,支出,餐饮,吃饭,17.0,建行1977,,auto
2025年06月27日 12:17:36,支出,餐饮,吃饭,16.0,建行1977,,auto
2025年06月27日 12:17:42,支出,餐饮,饮料,16.5,建行1977,,auto
2025年06月27日 13:40:05,收入,投资,投资收益,309.67,广发证券,平安银行,auto
2025年06月27日 13:41:08,收入,投资,投资收益,216.65,广发证券,工商银行,auto
2025年06月27日 14:53:30,收入,投资,投资收益,677.25,广发证券,顺丰控股,auto
2025年06月28日 15:04:16,支出,交通,交通费,266.67,建行1977,加油,auto
2025年06月30日 00:02:12,支出,生活,学习,133.0,建行1977,微信读书年费,auto
2025年06月30日 08:18:59,支出,餐饮,吃饭,9.9,微信余额,,auto
2025年06月30日 12:55:00,支出,餐饮,饮料,16.0,建行1977,,auto
2025年06月30日 12:55:00,支出,餐饮,吃饭,12.0,微信余额,,auto
2025年07月01日 12:12:26,支出,餐饮,吃饭,19.0,微信余额,,auto
2025年07月01日 14:10:15,支出,餐饮,饮料,16.5,建行1977,,auto
2025年07月02日 00:20:31,支出,娱乐,网吧,14.9,建行1977,,auto
2025年07月03日 00:00:00,收入,工作,公积金,3662.0,建行1977,,auto
2025年07月03日 08:18:40,支出,订阅,通讯,100.0,建行2109,,auto
2025年07月03日 17:58:35,支出,餐饮,饮料,16.5,建行1977,,auto
2025年07月04日 09:17:13,支出,住房,房贷,126.43,建行2109,水费,auto
2025年07月04日 09:17:27,支出,住房,房贷,309.3,建行2109,物业,auto
2025年07月04日 11:29:32,支出,生活,育儿,60.0,建行1977,玩具人形,auto
2025年07月04日 11:29:56,支出,购物,玩具,36.0,建行1977,伸出圆手,auto
2025年07月04日 12:08:39,支出,餐饮,饮料,16.5,建行1977,,auto
2025年07月04日 12:08:46,支出,餐饮,吃饭,16.0,微信余额,,auto
2025年07月04日 20:03:27,支出,餐饮,零食,39.9,建行1977,,auto
2025年07月06日 13:38:57,支出,餐饮,吃饭,44.0,建行1977,,auto
2025年07月07日 00:00:00,支出,内部流转,转账支出,3000.0,建行1977,家庭,内部流转-转账支出
2025年07月07日 08:16:18,支出,餐饮,吃饭,12.3,建行1977,,auto
2025年07月07日 12:24:14,支出,餐饮,饮料,16.5,建行1977,,auto
2025年07月07日 12:24:18,支出,娱乐,网吧,94.0,建行1977,,auto
2025年07月07日 15:53:00,支出,住房,房贷,5888.87,建行2109,房贷,auto
2025年07月07日 23:06:00,收入,内部流转,转账收入,21246.95,建行2109,老爸转账,内部流转-转账收入
2025年07月08日 08:06:00,支出,餐饮,吃饭,9.9,建行1977,,auto
2025年07月08日 12:05:23,支出,餐饮,吃饭,18.0,建行1977,,auto
2025年07月08日 22:31:06,收入,其他,调整收入,780.92,广发证券,,auto
2025年07月09日 12:25:28,支出,餐饮,吃饭,15.0,建行1977,,auto
2025年07月09日 12:25:36,支出,餐饮,饮料,16.5,建行1977,,auto
2025年07月09日 20:06:27,支出,住房,房贷,794.95,建行1977,电费,auto
2025年07月10日 12:54:16,支出,餐饮,吃饭,31.0,建行1977,,auto
2025年07月11日 08:39:33,支出,餐饮,吃饭,12.6,建行1977,,auto
2025年07月11日 08:54:41,支出,餐饮,吃饭,7.0,建行1977,,auto
2025年07月11日 09:41:55,支出,投资,投资亏损,124.5,广发证券,上海电影,auto
2025年07月11日 11:52:04,支出,餐饮,吃饭,12.0,建行1977,,auto
2025年07月11日 12:12:28,支出,餐饮,饮料,16.5,建行1977,,auto
2025年07月11日 22:19:24,支出,餐饮,零食,50.0,建行1977,,auto
2025年07月13日 01:18:00,支出,购物,日用,70.0,建行1977,软水盐,auto
2025年07月14日 12:08:28,支出,餐饮,吃饭,16.0,建行1977,,auto
2025年07月16日 15:37:40,支出,餐饮,吃饭,24.0,建行1977,,auto
2025年07月16日 15:37:54,支出,餐饮,饮料,16.5,建行1977,,auto
2025年07月16日 15:38:05,支出,投资,投资亏损,90.0,支付宝,卖出黄金,auto
2025年07月18日 17:41:00,收入,工作,工资,6783.98,建行1977,,auto
2025年07月19日 16:19:00,支出,娱乐,游戏,235.0,建行1977,gt7,auto
2025年07月20日 21:36:45,支出,娱乐,电影,57.8,建行1977,戏台,auto
2025年07月20日 21:53:05,支出,订阅,其他订阅,68.0,建行1977,汽水音乐,auto
2025年07月21日 12:38:45,支出,餐饮,饮料,26.2,建行1977,,auto
2025年07月21日 16:12:39,支出,娱乐,网吧,92.92,建行1977,,auto
2025年07月21日 17:51:20,支出,交通,交通费,19.0,建行2109,,auto
2025年07月21日 18:10:07,支出,餐饮,吃饭,11.0,建行1977,,auto
2025年07月22日 20:32:42,支出,餐饮,吃饭,14.0,建行1977,,auto
2025年07月23日 09:00:00,支出,餐饮,吃饭,5.0,建行1977,,auto
2025年07月23日 12:21:04,支出,餐饮,吃饭,13.0,建行1977,,auto
2025年07月23日 12:54:19,支出,餐饮,饮料,5.0,建行1977,,auto
2025年07月24日 08:09:35,支出,餐饮,吃饭,18.0,建行1977,,auto
2025年07月24日 12:39:08,支出,餐饮,吃饭,12.0,建行1977,,auto
2025年07月24日 12:48:43,支出,餐饮,饮料,16.5,建行1977,,auto
2025年07月26日 14:28:28,支出,餐饮,吃饭,52.0,建行1977,,auto
2025年07月28日 08:19:42,支出,订阅,通讯,100.0,建行1977,,auto
2025年07月28日 09:34:52,收入,投资,投资收益,144.09,广发证券,万达电影,auto
2025年07月28日 09:38:16,收入,投资,投资收益,260.2,广发证券,横店影视,auto
2025年07月28日 12:41:48,支出,餐饮,吃饭,16.0,建行1977,,auto
2025年07月28日 12:45:48,支出,餐饮,饮料,0.01,建行1977,,auto
2025年07月28日 19:50:08,支出,购物,数码,127.0,建行1977,魅族MagSafe,auto
2025年07月29日 12:36:52,支出,餐饮,吃饭,16.0,建行1977,,auto
2025年07月29日 12:39:46,支出,餐饮,饮料,14.5,建行1977,,auto
2025年07月30日 12:26:37,支出,餐饮,吃饭,16.0,建行1977,,auto
2025年07月30日 12:28:20,支出,餐饮,饮料,3.5,建行1977,,auto
2025年07月31日 08:28:00,支出,餐饮,吃饭,8.0,建行1977,,auto
2025年07月31日 11:28:00,收入,投资,投资收益,31.0,广发证券,北方稀土,auto
2025年07月31日 14:29:00,支出,餐饮,饮料,82.0,建行1977,,auto
2025年08月01日 11:44:56,支出,餐饮,吃饭,24.0,建行1977,,auto
2025年08月03日 10:08:32,支出,订阅,通讯,200.0,建行1977,,auto
2025年08月04日 08:27:38,支出,餐饮,吃饭,21.8,建行1977,,auto
2025年08月04日 12:25:34,支出,餐饮,吃饭,16.0,建行1977,,auto
2025年08月04日 12:28:49,支出,餐饮,饮料,15.7,建行1977,,auto
2025年08月05日 12:49:56,支出,餐饮,吃饭,16.0,建行1977,,auto
2025年08月05日 12:55:02,支出,餐饮,饮料,14.5,建行1977,,auto
2025年08月06日 09:27:39,支出,住房,房贷,309.3,建行2109,物业,auto
2025年08月06日 12:14:00,支出,餐饮,吃饭,6.0,建行1977,,auto
2025年08月06日 18:14:00,支出,交通,交通费,273.94,建行1977,加油,auto
2025年08月07日 00:00:00,支出,住房,房贷,5888.87,建行2109,房贷,auto
2025年08月07日 00:00:00,支出,内部流转,转账支出,3000.0,建行1977,家庭基金,内部流转-转账支出
2025年08月07日 18:13:52,支出,餐饮,吃饭,9.9,建行1977,,auto
2025年08月08日 11:54:57,支出,餐饮,吃饭,24.0,建行1977,,auto
2025年08月08日 15:23:41,支出,餐饮,饮料,26.5,建行1977,,auto
2025年08月09日 13:51:08,收入,其他,二手,295.4,建行1977,BOOX poke2,auto
2025年08月09日 13:51:58,支出,汽车,维护,5.0,建行1977,,auto
2025年08月09日 19:07:44,支出,汽车,维护,6.0,建行1977,,auto
2025年08月10日 12:09:00,支出,购物,日用,90.0,建行1977,钢笔,auto
2025年08月10日 12:10:00,支出,购物,数码,31.0,建行1977,HomePod支架,auto
2025年08月11日 09:40:29,支出,投资,投资亏损,336.29,广发证券,中国船舶,auto
2025年08月11日 10:28:34,收入,投资,投资收益,74.2,广发证券,工商银行,auto
2025年08月11日 12:31:50,支出,餐饮,吃饭,12.0,建行1977,,auto
2025年08月11日 12:34:13,支出,餐饮,饮料,16.5,建行1977,,auto
2025年08月11日 12:38:06,支出,娱乐,网吧,94.0,建行1977,,auto
2025年08月12日 08:14:17,支出,餐饮,吃饭,9.9,建行1977,,auto
2025年08月12日 18:25:58,支出,餐饮,吃饭,6.0,建行1977,,auto
2025年08月13日 12:01:07,支出,餐饮,吃饭,24.0,建行1977,,auto
2025年08月13日 12:25:05,支出,餐饮,饮料,12.3,建行1977,,auto
2025年08月18日 08:46:00,支出,餐饮,吃饭,9.9,建行1977,,auto
2025年08月18日 12:47:00,支出,餐饮,吃饭,12.0,建行1977,,auto
2025年08月18日 16:45:21,收入,工作,工资,6600.98,建行1977,,auto
2025年08月18日 17:26:36,支出,餐饮,吃饭,6.0,建行1977,,auto
2025年08月18日 21:46:43,支出,餐饮,饮料,13.5,建行1977,,auto
2025年08月19日 12:04:14,支出,餐饮,吃饭,16.0,建行1977,,auto
2025年08月19日 12:06:47,支出,餐饮,饮料,13.5,建行1977,,auto
2025年08月20日 08:24:05,支出,餐饮,吃饭,9.9,建行1977,,auto
2025年08月20日 11:44:29,支出,餐饮,吃饭,18.0,建行1977,,auto
2025年08月20日 12:07:44,支出,餐饮,饮料,7.9,建行1977,,auto
2025年08月20日 19:11:40,支出,交通,交通费,274.01,建行1977,加油,auto
2025年08月21日 11:31:29,支出,餐饮,吃饭,24.0,建行1977,,auto
2025年08月21日 12:03:02,支出,餐饮,饮料,11.5,建行1977,,auto
2025年08月22日 11:51:52,支出,餐饮,吃饭,17.0,建行1977,,auto
2025年08月22日 12:21:41,支出,餐饮,饮料,14.5,建行1977,,auto
2025年08月22日 12:33:15,支出,娱乐,网吧,95.0,建行1977,,auto
2025年08月22日 12:35:31,收入,工作,公积金,3701.83,建行1977,,auto
2025年08月22日 14:16:37,支出,娱乐,网吧,3.0,建行1977,,auto
2025年08月22日 16:13:01,支出,餐饮,饮料,4.62,建行1977,,auto
2025年08月23日 11:03:21,支出,购物,日用,22.47,建行1977,,auto
2025年08月23日 20:50:03,支出,交通,交通费,8.0,建行1977,,auto
2025年08月24日 02:28:08,支出,餐饮,吃饭,323.0,建行1977,,auto
2025年08月24日 14:00:41,支出,餐饮,吃饭,309.0,建行1977,,auto
2025年08月25日 10:35:05,支出,购物,玩具,68.24,建行1977,画板,auto
2025年08月25日 15:40:43,支出,订阅,通讯,100.0,建行1977,,auto
2025年08月26日 09:37:38,支出,投资,投资亏损,267.5,广发证券,半导体ETF,auto
2025年08月26日 09:46:20,支出,餐饮,吃饭,18.0,建行1977,,auto
2025年08月26日 15:07:20,支出,餐饮,吃饭,18.0,建行1977,,auto
2025年08月27日 13:40:45,支出,购物,日用,59.0,建行1977,牙刷头,auto
2025年08月27日 14:00:16,收入,投资,投资收益,73.0,广发证券,美的集团,auto
2025年08月27日 14:00:34,收入,投资,投资收益,95.0,广发证券,顺丰控股,auto
2025年08月28日 11:23:18,收入,投资,投资收益,219.21,广发证券,歌尔股份,auto
2025年08月29日 14:49:00,支出,购物,数码,270.0,建行1977,洗衣机维修,auto
2025年08月30日 18:50:00,支出,交通,交通费,4.0,建行1977,,auto
2025年08月30日 18:51:00,支出,餐饮,吃饭,8.0,建行1977,,auto
2025年08月30日 19:52:00,支出,购物,数码,32.0,建行1977,插座,auto
2025年08月31日 17:19:00,支出,购物,玩具,139.0,建行1977,遥控车,auto
2025年08月31日 18:51:21,支出,订阅,其他订阅,7.0,建行1977,ai 兔子,auto
2025年09月01日 08:26:39,支出,餐饮,吃饭,9.9,建行1977,,auto
2025年09月01日 12:11:46,支出,餐饮,饮料,15.7,建行1977,,auto
2025年09月01日 12:26:05,支出,餐饮,吃饭,16.0,建行1977,,auto
2025年09月01日 17:19:08,支出,购物,玩具,90.0,建行1977,泡泡机,auto
2025年09月02日 10:32:43,支出,投资,投资亏损,199.48,广发证券,歌尔股份,auto
2025年09月02日 14:43:50,收入,投资,投资收益,538.47,广发证券,长盈精密,auto
2025年09月03日 08:12:06,支出,订阅,通讯,100.0,建行1977,,auto
2025年09月03日 08:31:28,支出,餐饮,吃饭,5.0,建行1977,,auto
2025年09月03日 11:00:58,支出,订阅,其他订阅,11.0,建行1977,Apple Music,auto
2025年09月03日 12:18:33,支出,餐饮,吃饭,12.0,建行1977,,auto
2025年09月03日 12:18:40,支出,餐饮,饮料,15.7,建行1977,,auto
2025年09月03日 13:43:31,支出,投资,投资亏损,122.3,广发证券,国防军工etf,auto
2025年09月03日 13:44:41,支出,投资,投资亏损,268.5,广发证券,半导体etf,auto
2025年09月04日 08:31:23,支出,餐饮,吃饭,5.0,建行1977,,auto
2025年09月04日 09:36:14,支出,投资,投资亏损,104.94,广发证券,美的集团,auto
2025年09月04日 12:02:40,支出,餐饮,吃饭,12.0,建行1977,,auto
2025年09月04日 16:21:59,支出,餐饮,饮料,20.0,建行1977,,auto
2025年09月05日 12:38:22,支出,餐饮,吃饭,12.0,建行1977,,auto
2025年09月05日 12:43:53,支出,餐饮,饮料,14.5,建行1977,,auto
2025年09月05日 13:41:16,收入,投资,投资收益,1914.34,广发证券,中欧医疗创新股票C,auto
2025年09月06日 11:43:37,支出,餐饮,吃饭,23.0,建行1977,,auto
2025年09月06日 20:33:40,支出,餐饮,吃饭,15.7,建行1977,,auto
2025年09月07日 10:55:00,支出,内部流转,转账支出,3000.0,建行1977,家庭基金,内部流转-转账支出
2025年09月08日 08:55:00,支出,餐饮,吃饭,5.0,建行1977,,auto
2025年09月08日 10:58:15,支出,住房,房贷,4497.75,建行2109,,auto
2025年09月08日 10:58:42,支出,住房,房贷,1391.12,建行2109,,auto
2025年09月08日 11:53:03,支出,餐饮,吃饭,12.0,建行1977,,auto
2025年09月08日 12:00:36,支出,餐饮,饮料,15.7,建行1977,,auto
2025年09月08日 15:33:12,支出,订阅,其他订阅,7.0,建行1977,ai 兔子,auto
2025年09月08日 22:02:19,支出,购物,日用,88.2,建行1977,咖啡粉碗,auto
2025年09月09日 11:49:12,支出,订阅,其他订阅,10.0,建行1977,ai DeepSeek,auto
2025年09月09日 12:25:21,支出,餐饮,吃饭,13.0,建行1977,,auto
2025年09月09日 12:40:49,支出,餐饮,饮料,15.7,建行1977,,auto
2025年09月09日 14:48:46,支出,住房,房贷,427.0,建行2109,物业,auto
2025年09月09日 17:27:31,支出,生活,家庭,300.0,建行1977,交通罚款,auto
2025年09月09日 20:15:06,支出,住房,房贷,789.56,建行2109,电费,auto
2025年09月09日 20:52:46,支出,生活,理发,48.0,建行1977,,auto
2025年09月10日 12:05:19,支出,餐饮,饮料,12.7,建行1977,,auto
2025年09月10日 12:23:41,支出,餐饮,吃饭,16.0,建行1977,,auto
2025年09月10日 12:33:09,支出,娱乐,网吧,92.0,建行1977,,auto
2025年09月10日 13:12:24,支出,投资,投资亏损,67.78,广发证券,工商银行,auto
2025年09月10日 19:16:39,支出,餐饮,吃饭,6.0,建行1977,,auto
2025年09月10日 19:16:57,支出,餐饮,零食,18.5,建行1977,麻辣瓜子,auto
2025年09月11日 12:20:56,支出,餐饮,吃饭,16.0,建行1977,,auto
2025年09月11日 12:23:26,支出,餐饮,饮料,12.7,建行1977,,auto
2025年09月12日 00:17:00,支出,购物,数码,50.46,建行1977,表带,auto
2025年09月12日 09:45:06,支出,投资,投资亏损,66.54,广发证券,中国联通,auto
2025年09月12日 12:01:32,支出,餐饮,饮料,12.2,建行1977,,auto
2025年09月12日 12:01:40,支出,餐饮,吃饭,6.9,建行1977,,auto
2025年09月13日 12:56:30,支出,餐饮,零食,41.7,建行1977,,auto
2025年09月13日 13:02:30,支出,餐饮,饮料,12.0,建行1977,,auto
2025年09月15日 14:55:20,支出,餐饮,饮料,6.0,建行1977,,auto
2025年09月15日 14:55:25,支出,餐饮,饮料,29.0,建行1977,,auto
2025年09月15日 21:00:06,支出,餐饮,饮料,14.8,建行1977,,auto
2025年09月15日 21:00:13,支出,餐饮,零食,22.37,建行1977,,auto
2025年09月16日 11:56:19,支出,餐饮,吃饭,14.8,建行1977,,auto
2025年09月16日 12:03:16,支出,餐饮,饮料,16.5,建行1977,,auto
2025年09月16日 16:52:00,支出,订阅,其他订阅,35.0,建行1977,ai 兔子,auto
2025年09月16日 17:23:42,支出,餐饮,吃饭,6.0,建行1977,,auto
2025年09月17日 11:43:05,支出,餐饮,吃饭,18.0,建行1977,,auto
2025年09月17日 12:20:00,支出,餐饮,饮料,11.5,建行1977,,auto
2025年09月17日 13:39:52,收入,投资,投资收益,1378.97,广发证券,长盈精密,auto
2025年09月17日 15:36:12,支出,餐饮,饮料,10.0,建行1977,,auto
2025年09月18日 17:48:42,收入,工作,工资,6855.0,建行1977,,auto
2025年09月20日 10:42:28,支出,交通,交通费,7.1,建行1977,,auto
2025年09月20日 12:41:37,支出,交通,交通费,12.75,建行1977,,auto
2025年09月20日 12:41:44,支出,餐饮,饮料,6.5,建行1977,,auto
2025年09月20日 12:42:23,支出,购物,数码,8816.27,建行1977,iPhone17pro,auto
2025年09月20日 17:09:54,支出,购物,数码,24.9,建行1977,手机膜,auto
2025年09月20日 17:12:26,支出,购物,数码,24.9,建行1977,17膜,auto
2025年09月21日 16:10:31,支出,购物,数码,129.0,建行1977,充电器,auto
2025年09月21日 16:10:44,支出,其他,借出,2000.0,建行1977,文学贵，一年还清,auto
2025年09月22日 12:20:33,支出,餐饮,饮料,15.2,建行1977,,auto
2025年09月22日 12:20:39,支出,餐饮,吃饭,16.0,建行1977,,auto
2025年09月23日 09:40:42,收入,投资,投资收益,848.23,广发证券,长盈精密,auto
2025年09月23日 13:59:43,支出,餐饮,吃饭,258.9,建行1977,,auto
2025年09月26日 06:21:20,支出,交通,交通费,9.4,建行1977,,auto
2025年09月26日 13:44:00,支出,投资,投资亏损,330.06,广发证券,长盈精密,auto
2025年09月28日 18:28:00,支出,餐饮,吃饭,6.0,建行1977,,auto
2025年09月28日 23:08:00,收入,工作,公积金,3701.98,建行1977,,auto
2025年09月29日 14:32:43,支出,餐饮,吃饭,26.0,建行1977,,auto
2025年09月30日 11:56:19,支出,餐饮,吃饭,12.0,建行1977,,auto
2025年09月30日 11:59:18,支出,餐饮,饮料,14.5,建行1977,,auto
2025年09月30日 21:34:55,支出,餐饮,饮料,16.0,建行1977,,auto
2025年10月01日 09:56:32,支出,餐饮,吃饭,12.0,建行1977,,auto
2025年10月02日 09:20:11,支出,交通,交通费,7.5,建行1977,澳门esim,auto
2025年10月02日 13:56:36,支出,餐饮,饮料,7.53,建行1977,,auto
2025年10月02日 14:23:08,支出,购物,旅游购物,68.62,建行1977,药膏,auto
2025年10月02日 17:08:54,支出,餐饮,饮料,7.3,建行1977,,auto
2025年10月02日 18:14:34,支出,购物,旅游购物,341.72,建行1977,最香杏仁饼,auto
2025年10月02日 18:15:00,支出,购物,旅游购物,1486.65,建行1977,钜记肉干,auto
2025年10月03日 00:00:00,支出,订阅,其他订阅,11.0,建行1977,Apple Music,auto
2025年10月03日 12:42:25,支出,订阅,通讯,100.0,建行1977,,auto
2025年10月04日 12:17:54,支出,餐饮,饮料,13.5,建行1977,,auto
2025年10月04日 13:59:15,支出,交通,交通费,326.83,建行1977,神州租车,auto
2025年10月04日 21:51:15,支出,餐饮,饮料,9.9,建行1977,,auto
2025年10月05日 01:50:48,支出,娱乐,游戏,1.88,建行1977,神界iPad,auto
2025年10月05日 17:35:22,支出,购物,玩具,49.8,建行1977,,auto
2025年10月06日 23:58:00,支出,交通,交通费,6.0,建行1977,,auto
2025年10月07日 00:14:00,支出,住房,房贷,4497.75,建行1977,房贷,auto
2025年10月07日 15:59:00,支出,交通,交通费,42.0,建行1977,加油,auto
2025年10月07日 23:59:00,支出,生活,家庭,3000.0,建行1977,家庭基金,auto
2025年10月08日 00:10:00,支出,餐饮,吃饭,1223.0,建行1977,,auto
2025年10月08日 00:11:00,支出,餐饮,吃饭,136.0,建行1977,,auto
2025年10月09日 00:09:00,支出,餐饮,吃饭,249.0,建行1977,,auto
2025年10月09日 00:14:00,支出,住房,房贷,1391.12,建行1977,,auto
2025年10月10日 00:08:00,支出,交通,交通费,178.0,建行1977,神州租车,auto
2025年10月10日 00:12:00,支出,购物,礼物,988.19,建行1977,爸生日礼物耳机,auto
2025年10月11日 00:06:00,支出,交通,交通费,600.0,建行1977,飞机,auto
2025年10月11日 20:07:00,支出,餐饮,吃饭,137.7,建行1977,,auto
2025年10月12日 16:05:00,支出,娱乐,游玩,83.0,建行1977,,auto
2025年10月13日 10:02:00,支出,餐饮,吃饭,31.0,建行1977,,auto
2025年10月13日 11:03:00,支出,交通,交通费,10.33,建行1977,,auto
2025年10月13日 19:00:00,支出,交通,交通费,91.7,建行1977,高速,auto
2025年10月13日 20:01:00,支出,交通,交通费,33.0,建行1977,加油,auto
2025年10月14日 15:00:56,支出,住房,房贷,309.3,建行1977,物业,auto
2025年10月15日 14:35:27,支出,购物,数码,150.0,建行1977,修新风,auto
2025年10月15日 18:21:53,支出,交通,交通费,8.0,建行1977,,auto
2025年10月16日 10:15:21,支出,交通,交通费,246.57,建行1977,加油,auto
2025年10月16日 22:03:00,支出,生活,运动,391.0,建行1977,滑雪3h2man,auto
2025年10月17日 17:59:34,收入,工作,绩效,1000.0,建行1977,华加沙台风抢修,auto
2025年10月17日 18:00:16,收入,工作,绩效,6472.51,建行1977,二季度绩效,auto
2025年10月17日 18:01:56,收入,工作,工资,4252.38,建行1977,,auto
2025年10月17日 21:46:47,支出,餐饮,吃饭,45.0,建行1977,,auto
2025年10月17日 22:04:32,支出,餐饮,饮料,34.6,建行1977,,auto
2025年10月18日 21:11:01,支出,餐饮,零食,12.0,建行1977,,auto
2025年10月18日 21:29:09,支出,餐饮,零食,12.4,建行1977,,auto
2025年10月19日 11:45:38,支出,餐饮,零食,26.0,建行1977,,auto
2025年10月20日 12:16:17,支出,餐饮,吃饭,16.0,建行1977,,auto
2025年10月20日 12:16:24,支出,娱乐,网吧,91.0,建行1977,,auto
2025年10月21日 08:29:00,支出,医疗,医疗,16.3,建行1977,,auto
2025年10月21日 11:56:45,收入,工作,工资,2397.3,建行1977,,auto
2025年10月21日 16:04:10,支出,餐饮,饮料,13.5,建行1977,,auto
2025年10月21日 19:01:52,支出,餐饮,零食,28.91,建行1977,,auto
2025年10月21日 21:29:22,支出,餐饮,饮料,11.0,建行1977,,auto
2025年10月22日 10:17:00,支出,购物,数码,66.73,建行1977,随身wifi,auto
2025年10月23日 08:29:10,支出,医疗,医疗,20.9,建行1977,,auto
2025年10月23日 18:00:55,收入,工作,公积金,3702.0,建行1977,,auto
2025年10月23日 19:09:57,支出,交通,交通费,4.0,建行1977,,auto
2025年10月24日 14:53:00,支出,生活,运动,187.0,建行1977,滑雪,auto
2025年10月25日 12:18:52,支出,购物,数码,12.9,建行1977,c转USB,auto
2025年10月25日 18:40:14,支出,餐饮,零食,14.0,建行1977,,auto
2025年10月26日 11:14:21,支出,娱乐,网吧,4.0,建行1977,,auto
2025年10月26日 13:11:25,支出,餐饮,饮料,16.5,建行1977,,auto
2025年10月26日 13:11:31,支出,餐饮,吃饭,19.5,建行1977,,auto
2025年10月26日 21:21:32,支出,生活,育儿,68.0,建行1977,天行健,auto
2025年10月27日 11:38:14,支出,餐饮,吃饭,14.9,建行1977,,auto
2025年10月28日 08:59:00,支出,餐饮,吃饭,9.9,建行1977,,auto
2025年10月28日 12:12:00,支出,餐饮,吃饭,11.0,建行1977,,auto
2025年10月28日 12:13:00,支出,餐饮,饮料,16.5,建行1977,,auto
2025年10月29日 11:19:37,支出,生活,学习,49.0,建行1977,影视飓风Apple log 教程,auto
2025年10月29日 12:30:10,支出,餐饮,饮料,13.5,建行1977,,auto
2025年10月29日 12:30:20,支出,餐饮,吃饭,16.0,建行1977,,auto
2025年10月29日 20:39:00,支出,生活,理发,222.0,建行1977,tone三次卡,auto
2025年10月30日 11:39:47,支出,餐饮,吃饭,15.0,建行1977,,auto
2025年10月30日 12:05:32,支出,餐饮,饮料,16.5,建行1977,,auto
2025年10月31日 12:06:23,支出,餐饮,吃饭,11.0,建行1977,,auto
2025年10月31日 12:19:42,支出,餐饮,饮料,16.5,建行1977,,auto
2025年10月31日 20:07:52,支出,娱乐,游戏,68.04,建行1977,ps5游戏 底特律：变人,auto
2025年11月02日 12:25:35,支出,生活,育儿,14.74,建行1977,竹蜻蜓,auto
2025年11月02日 12:29:07,支出,住房,装修,104.05,建行1977,鱼,auto
2025年11月02日 18:41:11,支出,交通,交通费,9.0,建行1977,,auto
2025年11月02日 21:20:49,支出,餐饮,零食,21.9,建行1977,,auto
2025年11月03日 00:00:00,支出,订阅,其他订阅,11.0,建行1977,Apple Music,auto
2025年11月03日 09:55:00,支出,订阅,通讯,100.0,建行1977,,auto
2025年11月03日 12:11:41,支出,餐饮,吃饭,18.0,建行1977,,auto
2025年11月04日 11:45:06,支出,餐饮,吃饭,11.0,建行1977,,auto
2025年11月04日 11:58:54,支出,餐饮,吃饭,4.5,建行1977,,auto
2025年11月05日 09:50:00,支出,餐饮,吃饭,13.9,建行1977,,auto
2025年11月05日 09:50:00,支出,住房,房贷,309.3,建行1977,物业,auto
2025年11月05日 12:50:00,支出,餐饮,吃饭,24.0,建行1977,,auto
2025年11月05日 12:51:00,支出,餐饮,饮料,6.6,建行1977,,auto
2025年11月06日 12:13:01,支出,餐饮,饮料,13.5,建行1977,,auto
2025年11月06日 12:13:05,支出,餐饮,吃饭,16.0,建行1977,,auto
2025年11月06日 19:07:23,支出,餐饮,零食,3.0,建行1977,,auto
2025年11月07日 09:27:21,支出,住房,房贷,5876.0,建行1977,房贷,auto
2025年11月07日 12:01:29,支出,餐饮,吃饭,11.8,建行1977,,auto
2025年11月07日 12:51:19,支出,娱乐,网吧,313.0,建行1977,,auto
2025年11月07日 14:17:00,支出,生活,运动,234.0,建行1977,滑雪,auto
2025年11月07日 15:03:00,支出,内部流转,转账支出,3000.0,建行1977,家庭,内部流转-转账支出
2025年11月07日 19:17:36,支出,餐饮,吃饭,20.0,建行1977,,auto
2025年11月07日 22:11:08,支出,住房,房贷,287.83,建行2109,水费,auto
2025年11月09日 20:12:34,支出,住房,房贷,437.31,建行2109,电费,auto
2025年11月10日 08:12:15,支出,餐饮,吃饭,19.9,建行1977,,auto
2025年11月10日 12:44:17,支出,餐饮,吃饭,27.0,建行1977,,auto
2025年11月10日 12:50:19,支出,交通,交通费,237.77,建行1977,加油,auto
2025年11月10日 15:01:10,支出,购物,日用,60.0,建行1977,吉列刀头,auto
2025年11月10日 22:13:19,支出,餐饮,零食,66.8,建行1977,,auto
2025年11月11日 12:12:00,支出,餐饮,吃饭,14.0,建行1977,,auto
2025年11月11日 12:26:33,支出,餐饮,饮料,15.5,建行1977,,auto
2025年11月11日 21:24:19,支出,餐饮,饮料,18.0,建行1977,,auto
2025年11月12日 08:28:23,支出,交通,交通费,13.77,建行1977,,auto
2025年11月12日 12:27:52,支出,餐饮,吃饭,16.0,建行1977,,auto
2025年11月12日 12:32:32,支出,餐饮,饮料,17.5,建行1977,,auto
2025年11月13日 08:31:26,支出,餐饮,吃饭,13.9,建行1977,,auto
2025年11月13日 12:23:04,支出,餐饮,吃饭,16.0,建行1977,,auto
2025年11月13日 12:24:55,支出,餐饮,饮料,15.5,建行1977,,auto
2025年11月13日 21:21:48,支出,餐饮,零食,87.7,建行1977,,auto
2025年11月14日 11:46:06,支出,餐饮,饮料,15.7,建行1977,,auto
2025年11月15日 15:49:21,支出,交通,交通费,11.0,建行1977,,auto
2025年11月16日 17:01:57,支出,餐饮,吃饭,18.8,建行1977,,auto
2025年11月17日 08:30:09,支出,餐饮,吃饭,13.9,建行1977,,auto
2025年11月17日 10:17:55,支出,投资,投资亏损,286.9,广发证券,中国核电,auto
2025年11月17日 12:14:17,支出,餐饮,吃饭,16.0,建行1977,,auto
2025年11月17日 12:16:40,支出,餐饮,饮料,15.7,建行1977,,auto
2025年11月17日 20:43:00,支出,餐饮,吃饭,14.9,建行1977,,auto
2025年11月18日 08:16:00,收入,工作,工资,3409.96,建行1977,,auto
2025年11月18日 08:17:00,收入,工作,工资,1596.65,建行1977,,auto
2025年11月18日 08:17:00,收入,工作,绩效,1643.25,建行1977,,auto
2025年11月18日 08:18:00,收入,工作,绩效,2682.43,建行1977,,auto
2025年11月18日 12:42:00,支出,餐饮,饮料,15.5,建行1977,,auto
2025年11月19日 08:15:00,支出,餐饮,零食,29.9,建行1977,,auto
2025年11月19日 11:41:00,支出,餐饮,吃饭,16.0,建行1977,,auto
2025年11月19日 12:42:00,支出,餐饮,饮料,15.5,建行1977,,auto
2025年11月20日 11:41:00,支出,餐饮,吃饭,12.0,建行1977,,auto
2025年11月20日 12:42:00,支出,餐饮,饮料,15.5,建行1977,,auto
2025年11月20日 17:40:56,支出,餐饮,零食,28.5,建行1977,,auto
2025年11月21日 12:45:00,支出,餐饮,吃饭,77.0,建行1977,,auto
2025年11月21日 14:46:00,支出,生活,运动,243.0,建行1977,滑雪,auto
2025年11月21日 20:00:43,支出,餐饮,吃饭,14.0,建行1977,,auto
2025年11月24日 12:15:52,支出,餐饮,吃饭,14.9,建行1977,,auto
2025年11月24日 17:58:48,收入,工作,公积金,3702.0,建行1977,,auto
2025年11月24日 18:52:26,支出,交通,交通费,231.69,建行1977,加油,auto
2025年11月25日 10:07:53,支出,投资,投资亏损,176.42,广发证券,美的集团,auto
2025年11月25日 14:01:00,支出,餐饮,饮料,14.7,建行1977,,auto
2025年11月26日 12:26:55,支出,餐饮,饮料,14.7,建行1977,,auto
2025年11月26日 12:27:01,支出,餐饮,吃饭,15.9,建行1977,,auto
2025年11月27日 08:33:48,支出,餐饮,吃饭,7.9,建行1977,,auto
2025年11月27日 12:21:04,支出,餐饮,饮料,14.7,建行1977,,auto
2025年11月27日 19:59:10,支出,购物,数码,27.1,建行1977,Apple Pencil笔头,auto
2025年11月27日 21:36:43,支出,餐饮,零食,21.6,建行1977,,auto
2025年11月28日 12:15:36,支出,餐饮,吃饭,92.0,建行1977,,auto
2025年11月28日 12:45:06,支出,餐饮,饮料,14.7,建行1977,,auto
2025年11月28日 19:09:43,支出,餐饮,吃饭,22.0,建行1977,,auto
2025年11月30日 09:15:12,支出,餐饮,吃饭,13.9,建行1977,,auto
2025年11月30日 14:55:10,支出,餐饮,饮料,14.5,建行1977,,auto
2025年12月01日 08:31:04,支出,餐饮,吃饭,21.8,建行1977,,auto
2025年12月01日 12:42:25,支出,餐饮,吃饭,22.88,建行1977,,auto
2025年12月01日 13:16:11,支出,餐饮,饮料,14.7,建行1977,,auto
2025年12月02日 12:05:32,支出,餐饮,吃饭,24.64,建行1977,,auto
2025年12月03日 00:00:00,支出,订阅,其他订阅,11.0,建行1977,Apple Music,auto
2025年12月03日 12:53:01,支出,餐饮,吃饭,35.0,建行1977,,auto
2025年12月03日 23:16:14,支出,订阅,其他订阅,63.89,建行1977,VPN,auto
2025年12月04日 12:28:00,支出,餐饮,吃饭,90.0,建行1977,,auto
2025年12月05日 05:31:00,支出,订阅,通讯,200.0,建行1977,,auto
2025年12月05日 08:27:00,支出,餐饮,吃饭,25.4,建行1977,,auto
2025年12月05日 12:27:00,支出,餐饮,饮料,22.0,建行1977,,auto
2025年12月05日 12:27:00,支出,餐饮,吃饭,14.9,建行1977,,auto
2025年12月05日 19:27:00,支出,餐饮,吃饭,6.0,建行1977,,auto
2025年12月06日 01:31:00,支出,订阅,其他订阅,49.0,建行1977,VPN,auto
2025年12月06日 15:23:00,支出,医疗,医疗,2780.0,建行1977,根管治疗,auto
2025年12月06日 17:23:00,支出,订阅,其他订阅,88.0,建行1977,infuse,auto
2025年12月07日 07:38:00,支出,住房,房贷,4497.75,建行1977,,auto
2025年12月07日 12:23:00,支出,交通,交通费,5.0,建行1977,,auto
2025年12月07日 21:22:00,支出,餐饮,饮料,12.0,建行1977,,auto
2025年12月08日 12:22:16,支出,餐饮,吃饭,16.0,建行1977,,auto
2025年12月08日 12:25:53,支出,餐饮,饮料,16.7,建行1977,,auto
2025年12月08日 12:30:24,支出,订阅,其他订阅,11.0,建行1977,tushare闲鱼,auto
2025年12月09日 08:27:37,支出,餐饮,吃饭,12.3,建行1977,,auto
2025年12月09日 08:30:00,支出,住房,房贷,1330.04,建行1977,,auto
2025年12月09日 12:47:50,支出,餐饮,吃饭,14.8,建行1977,,auto
2025年12月09日 13:00:40,支出,餐饮,饮料,16.7,建行1977,,auto
2025年12月09日 14:00:31,支出,投资,投资亏损,183.26,广发证券,长盈精密,auto
2025年12月09日 20:20:00,支出,住房,房贷,319.1,建行1977,电费,auto
2025年12月10日 08:24:41,支出,餐饮,吃饭,13.5,建行1977,,auto
2025年12月10日 09:18:22,支出,住房,房贷,77.26,建行1977,燃气8月—12月8日，总费用448.5,auto
2025年12月10日 11:44:42,支出,餐饮,吃饭,14.9,建行1977,,auto
2025年12月11日 08:27:10,支出,餐饮,吃饭,9.9,建行1977,,auto
2025年12月11日 12:22:03,支出,餐饮,吃饭,10.0,建行1977,,auto
2025年12月11日 12:22:39,支出,餐饮,饮料,16.5,建行1977,,auto
2025年12月12日 12:07:38,支出,餐饮,吃饭,27.2,建行1977,,auto
2025年12月12日 12:32:25,支出,餐饮,饮料,16.5,建行1977,,auto
2025年12月14日 12:06:54,支出,餐饮,吃饭,55.0,建行1977,,auto
2025年12月14日 13:33:00,支出,交通,交通费,6.0,建行1977,,auto
2025年12月15日 08:32:05,支出,餐饮,吃饭,10.5,建行1977,,auto
2025年12月15日 11:32:00,支出,餐饮,吃饭,12.0,建行1977,,auto
2025年12月16日 12:31:00,支出,餐饮,吃饭,27.2,建行1977,,auto
2025年12月16日 18:31:00,支出,餐饮,吃饭,6.0,建行1977,,auto
2025年12月17日 10:30:00,支出,生活,学习,56.0,建行1977,复审试验证报名,auto
2025年12月17日 11:30:00,支出,餐饮,吃饭,65.82,建行1977,,auto
2025年12月18日 13:01:12,支出,餐饮,吃饭,45.0,建行1977,,auto
2025年12月18日 13:01:19,支出,餐饮,饮料,32.0,建行1977,,auto
2025年12月18日 13:01:43,支出,餐饮,饮料,12.0,建行1977,,auto
2025年12月18日 14:11:51,支出,餐饮,饮料,7.0,建行1977,,auto
2025年12月18日 18:04:49,收入,工作,工资,1400.79,建行1977,,auto
2025年12月18日 18:05:12,收入,工作,工资,5187.92,建行1977,,auto
2025年12月19日 08:58:00,支出,餐饮,吃饭,11.0,建行1977,,auto
2025年12月19日 11:58:09,支出,餐饮,吃饭,18.0,建行1977,,auto
2025年12月19日 18:06:35,支出,娱乐,网吧,38.0,建行1977,,auto
2025年12月20日 20:48:00,支出,购物,数码,5398.0,建行1977,iPhone17,auto
2025年12月21日 02:47:46,支出,购物,数码,134.5,建行1977,iPhone配件,auto
2025年12月21日 02:49:08,支出,购物,数码,68.0,建行1977,爱否会员,auto
2025年12月21日 11:10:39,支出,餐饮,吃饭,25.0,建行1977,,auto
2025年12月21日 15:50:55,支出,餐饮,零食,44.21,建行1977,,auto
2025年12月22日 11:51:19,支出,餐饮,吃饭,23.7,建行1977,,auto
2025年12月22日 12:22:04,支出,餐饮,饮料,16.5,建行1977,,auto
2025年12月22日 18:09:59,收入,工作,公积金,3702.0,建行1977,,auto
2025年12月22日 21:08:52,支出,购物,数码,41.6,建行1977,iPhone17膜,auto
2025年12月23日 12:46:28,支出,餐饮,吃饭,9.0,建行1977,,auto
2025年12月24日 08:49:50,支出,餐饮,吃饭,10.5,建行1977,,auto
2025年12月24日 12:20:32,支出,餐饮,吃饭,27.88,建行1977,,auto
2025年12月24日 13:02:00,支出,餐饮,饮料,16.5,建行1977,,auto
2025年12月24日 14:56:17,收入,投资,投资收益,158.32,广发证券,万润股份,auto
2025年12月24日 19:51:00,支出,汽车,维护,3170.54,建行1977,保险-500返现-300购物卡，3洗车1车漆,auto
2025年12月25日 10:52:44,收入,投资,投资收益,183.34,广发证券,硕贝德,auto
2025年12月25日 16:11:00,收入,内部流转,转账收入,24000.0,建行2109,老爸,内部流转-转账收入
2025年12月25日 21:18:40,支出,生活,理发,36.9,建行1977,,auto
2025年12月26日 08:32:07,支出,餐饮,吃饭,10.5,建行1977,,auto
2025年12月26日 09:48:47,支出,投资,投资亏损,271.31,广发证券,工业富联,auto
2025年12月26日 12:01:02,支出,餐饮,吃饭,24.0,建行1977,,auto
2025年12月26日 14:47:05,支出,餐饮,饮料,16.5,建行1977,,auto
2025年12月27日 12:04:52,支出,餐饮,吃饭,59.0,建行1977,,auto
2025年12月29日 08:32:51,支出,餐饮,吃饭,10.5,建行1977,,auto
2025年12月29日 12:06:48,支出,餐饮,吃饭,27.2,建行1977,,auto
2025年12月29日 12:28:42,支出,餐饮,饮料,16.5,建行1977,,auto
2025年12月30日 12:18:35,支出,餐饮,吃饭,15.9,建行1977,,auto
2025年12月30日 12:26:07,支出,餐饮,饮料,16.5,建行1977,,auto
2025年12月31日 09:16:16,支出,餐饮,吃饭,6.0,建行1977,,auto
2025年12月31日 12:02:12,支出,餐饮,吃饭,30.0,建行1977,,auto
2025年12月31日 14:25:37,支出,餐饮,饮料,8.8,建行1977,,auto
2026年01月01日 18:12:21,支出,订阅,其他订阅,7.5,建行1977,aptv源闲鱼,auto
2026年01月01日 19:06:26,收入,其他,二手,170.0,支付宝,艾尔登法环,auto
2026年01月01日 19:23:00,支出,餐饮,零食,128.0,建行1977,香肠,auto
2026年01月02日 17:52:06,支出,餐饮,饮料,10.0,建行1977,,auto
2026年01月03日 00:00:00,支出,订阅,其他订阅,11.0,建行1977,Apple Music,auto
2026年01月03日 13:15:16,支出,餐饮,饮料,16.7,建行1977,,auto
2026年01月03日 15:43:37,支出,订阅,通讯,100.0,建行1977,,auto
2026年01月03日 20:00:56,支出,生活,学习,39.9,建行1977,多啦a梦1～5,auto
2026年01月03日 21:26:29,支出,购物,日用,40.48,建行1977,软水盐,auto
2026年01月04日 12:07:26,支出,餐饮,吃饭,13.9,建行1977,,auto
2026年01月04日 21:27:52,支出,餐饮,零食,109.0,建行1977,,auto
2026年01月05日 12:02:09,支出,餐饮,吃饭,14.9,建行1977,,auto
2026年01月05日 14:53:15,支出,投资,投资亏损,437.81,广发证券,美的集团,auto
2026年01月06日 10:19:22,收入,投资,投资收益,90.76,广发证券,恒瑞医药,auto
2026年01月06日 19:37:36,支出,餐饮,吃饭,86.0,建行1977,,auto
2026年01月06日 22:38:45,支出,住房,房贷,332.13,建行2109,水费,auto
2026年01月07日 00:00:00,支出,住房,房贷,5879.73,建行2109,,auto
2026年01月07日 09:16:39,支出,住房,房贷,309.3,建行2109,物业,auto
2026年01月07日 12:23:50,支出,餐饮,吃饭,16.0,建行1977,,auto
2026年01月07日 12:35:18,支出,餐饮,饮料,15.5,建行1977,幸绘,auto
2026年01月08日 12:20:51,支出,餐饮,吃饭,16.0,建行1977,,auto
2026年01月09日 11:57:00,支出,餐饮,吃饭,12.5,建行1977,,auto
2026年01月09日 21:11:06,支出,住房,房贷,256.88,建行2109,电费,auto
2026年01月10日 17:20:06,支出,交通,交通费,4.0,建行1977,停车费,auto
2026年01月11日 17:10:58,支出,餐饮,零食,29.9,建行1977,,auto
2026年01月11日 20:24:57,支出,餐饮,吃饭,437.0,建行1977,,auto
2026年01月12日 12:00:59,支出,餐饮,吃饭,12.9,建行1977,,auto
2026年01月12日 21:38:11,支出,购物,数码,36.4,建行1977,手机壳,auto
2026年01月13日 09:39:11,收入,投资,投资收益,137.0,广发证券,通讯设备ETF,auto
2026年01月13日 12:59:19,支出,餐饮,吃饭,16.0,建行1977,,auto
2026年01月13日 13:01:36,支出,餐饮,饮料,15.5,建行1977,幸绘,auto
2026年01月14日 08:32:53,支出,餐饮,吃饭,24.8,建行1977,早餐卡,auto
2026年01月14日 11:55:51,支出,订阅,通讯,100.0,建行1977,4308,auto
2026年01月14日 12:28:09,支出,餐饮,吃饭,16.0,建行1977,,auto
2026年01月14日 13:36:00,支出,投资,投资亏损,90.0,广发证券,军工ETF广发,auto
2026年01月15日 00:37:10,支出,投资,投资亏损,50.0,支付宝,华宝纳斯达克精选股票（QDII）C,auto
2026年01月15日 15:03:00,支出,餐饮,饮料,35.0,建行1977,,auto
2026年01月15日 19:01:52,支出,交通,交通费,15.0,建行1977,停车费,auto
2026年01月16日 09:38:00,收入,工作,工资,3884.36,建行1977,,auto
2026年01月16日 14:23:59,支出,投资,投资亏损,28.04,广发证券,金石资源,auto
2026年01月16日 14:24:28,支出,投资,投资亏损,112.08,广发证券,中国石油,auto
2026年01月16日 15:20:22,支出,餐饮,饮料,8.6,建行1977,,auto
2026年01月20日 09:37:26,支出,餐饮,吃饭,12.9,建行1977,,auto
2026年01月20日 16:13:00,收入,工作,公积金,3702.0,建行1977,,auto
2026年01月20日 17:42:12,支出,餐饮,吃饭,20.0,建行1977,,auto
2026年01月21日 12:14:33,支出,餐饮,吃饭,54.0,建行1977,,auto
2026年01月21日 12:16:08,支出,餐饮,饮料,32.5,建行1977,,auto
2026年01月22日 12:28:36,支出,餐饮,吃饭,18.0,建行1977,,auto
2026年01月22日 12:32:00,支出,餐饮,饮料,15.7,建行1977,,auto
2026年01月23日 09:40:12,支出,餐饮,吃饭,9.0,建行1977,,auto
2026年01月23日 12:38:00,支出,餐饮,吃饭,13.4,建行1977,,auto
2026年01月25日 18:29:48,支出,汽车,维护,4596.0,建行1977,京东养车换4胎（2996），换下支臂和平衡杆球头加工时（1600）,auto
2026年01月25日 23:03:35,支出,医疗,医疗,139.0,建行1977,爸药,auto
2026年01月26日 09:39:20,收入,投资,投资收益,2039.91,广发证券,长电科技,auto
2026年01月26日 10:11:19,收入,投资,投资收益,2674.46,广发证券,通富微电,auto
2026年01月26日 12:40:48,支出,餐饮,吃饭,18.0,建行1977,,auto
2026年01月26日 12:43:18,支出,餐饮,饮料,15.7,建行1977,,auto
2026年01月27日 09:34:45,支出,投资,投资亏损,8.02,广发证券,,auto
2026年01月27日 12:19:00,支出,购物,日用,570.35,建行1977,剃须刀,auto
2026年01月28日 00:22:00,支出,订阅,其他订阅,4.9,建行1977,ai kimi,auto
2026年01月28日 08:21:00,支出,餐饮,吃饭,10.5,建行1977,,auto
2026年01月29日 08:21:00,支出,餐饮,吃饭,10.5,建行1977,,auto
2026年01月29日 12:21:00,支出,娱乐,网吧,94.0,建行1977,,auto
2026年01月29日 12:21:00,支出,餐饮,吃饭,16.0,建行1977,,auto
2026年01月29日 21:20:00,支出,购物,日用,24.0,建行1977,,auto
2026年01月30日 09:36:01,支出,投资,投资亏损,412.0,广发证券,江西铜业,auto
2026年01月30日 12:19:10,支出,餐饮,吃饭,17.0,建行1977,,auto
2026年01月31日 17:35:52,支出,订阅,其他订阅,48.9,建行1977,aptv,auto
2026年01月31日 20:38:19,支出,餐饮,饮料,12.0,建行1977,,auto
2026年02月02日 18:05:38,支出,订阅,其他订阅,29.0,建行1977,ai MiniMax,auto
2026年02月02日 18:46:33,支出,交通,交通费,15.0,建行1977,停车费,auto
2026年02月02日 23:07:47,支出,订阅,其他订阅,10.0,建行1977,ai DeepSeek,auto
2026年02月03日 00:00:00,支出,订阅,其他订阅,11.0,建行1977,Apple Music,auto
2026年02月03日 08:17:11,支出,订阅,通讯,200.0,建行1977,,auto
2026年02月03日 08:38:48,支出,餐饮,吃饭,10.5,建行1977,,auto
2026年02月03日 10:39:26,支出,投资,投资亏损,162.86,广发证券,方正科技,auto
2026年02月04日 12:13:59,支出,餐饮,吃饭,17.0,建行1977,,auto
2026年02月04日 12:39:54,支出,餐饮,饮料,15.7,建行1977,,auto
2026年02月05日 09:32:29,支出,投资,投资亏损,714.0,广发证券,富通微电,auto
2026年02月05日 12:33:00,支出,餐饮,吃饭,19.0,建行1977,,auto
2026年02月05日 13:15:51,支出,餐饮,饮料,15.7,建行1977,,auto
2026年02月06日 12:33:00,支出,餐饮,吃饭,20.0,建行1977,,auto
2026年02月06日 13:33:00,支出,餐饮,饮料,15.5,建行1977,,auto
2026年02月06日 14:32:00,收入,投资,投资收益,180.0,广发证券,华发股份,auto
2026年02月07日 00:00:00,支出,住房,房贷,5879.73,建行2109,,auto
2026年02月09日 11:09:41,支出,住房,房贷,309.3,建行2109,物业,auto
2026年02月09日 13:27:44,支出,餐饮,饮料,15.7,建行1977,,auto
2026年02月09日 20:10:30,支出,购物,日用,27.8,建行1977,对联,auto
2026年02月09日 20:11:00,支出,住房,房贷,277.3,建行2109,电费,auto
2026年02月09日 22:57:42,收入,工作,年终奖,49722.48,建行1977,,auto
2026年02月11日 09:35:15,支出,投资,投资亏损,102.0,广发证券,华发股份,auto
2026年02月11日 10:20:26,支出,餐饮,吃饭,10.5,建行1977,,auto
2026年02月11日 14:13:28,支出,餐饮,吃饭,52.0,建行1977,,auto
2026年02月11日 20:56:33,支出,购物,日用,70.0,建行1977,挂钟,auto
2026年02月12日 20:07:11,支出,购物,日用,86.24,建行1977,,auto
2026年02月13日 11:42:19,收入,工作,工资,3927.38,建行1977,,auto
2026年02月13日 12:02:55,支出,交通,交通费,5.0,建行1977,停车费,auto
2026年02月13日 12:38:18,支出,餐饮,吃饭,12.0,建行1977,,auto
2026年02月13日 12:59:49,支出,餐饮,饮料,21.0,建行1977,,auto
2026年02月15日 15:09:45,支出,购物,玩具,79.0,建行1977,烟花,auto
2026年02月16日 16:44:20,支出,购物,日用,370.5,建行1977,年货,auto
2026年02月17日 00:29:30,支出,其他,红包支出,88.8,建行1977,群红包,auto
2026年02月17日 00:30:04,支出,其他,红包支出,88.8,建行1977,群红包,auto
2026年02月17日 00:30:13,支出,其他,红包支出,6666.66,建行1977,爸妈红包,auto
2026年02月17日 00:30:24,支出,其他,红包支出,6666.66,建行1977,爸妈红包,auto
2026年02月17日 00:32:31,支出,其他,红包支出,400.0,建行1977,群红包,auto
2026年02月18日 10:40:42,支出,汽车,维护,600.0,建行1977,车钥匙2把,auto
2026年02月19日 19:21:54,支出,交通,交通费,20.0,建行1977,停车费,auto
2026年02月20日 15:36:28,支出,交通,交通费,13.0,建行1977,,auto
2026年02月20日 21:50:53,支出,餐饮,零食,14.15,建行1977,,auto
2026年02月21日 12:34:00,支出,餐饮,吃饭,570.0,建行1977,,auto
2026年02月21日 20:38:51,支出,交通,交通费,227.0,建行1977,加油,auto
2026年02月23日 22:15:18,支出,购物,数码,26.63,建行1977,,auto
2026年02月24日 00:00:00,收入,工作,公积金,3702.0,建行1977,,auto
2026年02月24日 08:43:29,支出,餐饮,吃饭,9.9,建行1977,,auto
2026年02月24日 11:19:44,支出,其他,红包支出,20.0,建行1977,,auto
2026年02月24日 11:39:17,收入,工作,绩效,800.0,建行1977,开工,auto
2026年02月24日 11:42:44,支出,餐饮,吃饭,11.0,建行1977,,auto
2026年02月24日 11:58:09,支出,餐饮,饮料,17.8,建行1977,,auto
2026年02月25日 11:33:38,支出,购物,玩具,19.3,建行1977,,auto
2026年02月25日 12:17:19,支出,餐饮,吃饭,18.0,建行1977,,auto
2026年02月26日 09:49:20,支出,投资,投资亏损,175.0,广发证券,湖南裕能,auto
2026年02月26日 10:17:12,支出,交通,交通费,54.0,建行1977,高速费,auto
2026年02月26日 16:26:55,支出,交通,交通费,53.0,建行1977,高速费,auto
2026年02月26日 20:03:41,支出,医疗,医疗,6.0,建行1977,,auto
2026年02月27日 08:48:27,支出,餐饮,吃饭,9.9,建行1977,,auto
2026年02月27日 12:20:00,支出,餐饮,吃饭,17.0,建行1977,,auto
2026年02月27日 12:44:47,支出,餐饮,饮料,17.5,建行1977,,auto
2026年02月27日 12:53:00,支出,娱乐,网吧,92.0,建行1977,,auto
2026年02月28日 13:26:50,支出,餐饮,吃饭,154.0,建行1977,,auto
2026年03月01日 19:21:00,支出,餐饮,吃饭,878.0,建行1977,,auto
2026年03月02日 12:21:00,支出,餐饮,吃饭,29.0,建行1977,,auto
2026年03月02日 14:21:16,支出,餐饮,饮料,12.0,建行1977,,auto
2026年03月03日 00:00:00,支出,订阅,其他订阅,11.0,建行1977,Apple Music,auto
2026年03月03日 07:50:11,支出,订阅,通讯,100.0,建行1977,,auto
2026年03月03日 15:14:18,支出,住房,房贷,779.7,建行1977,燃气,auto
2026年03月03日 17:39:00,支出,交通,交通费,15.0,建行1977,停车费,auto
2026年03月04日 10:52:13,支出,订阅,其他订阅,20.0,建行1977,ai DeepSeek,auto
2026年03月04日 13:10:28,支出,交通,交通费,247.91,建行1977,加油,auto
2026年03月04日 14:04:00,支出,投资,投资亏损,250.0,广发证券,通富微电,auto
2026年03月04日 21:10:29,支出,住房,房贷,323.27,建行2109,水费,auto
2026年03月06日 08:54:50,支出,餐饮,吃饭,12.9,建行1977,,auto
2026年03月06日 09:11:46,支出,餐饮,饮料,6.0,建行1977,,auto
2026年03月06日 09:36:54,支出,投资,投资亏损,284.33,广发证券,湖南裕能,auto
2026年03月06日 17:21:37,支出,餐饮,饮料,20.0,建行1977,,auto
2026年03月07日 00:00:00,支出,住房,房贷,5879.73,建行2109,,auto
2026年03月07日 11:36:37,支出,餐饮,吃饭,42.0,建行1977,,auto
2026年03月07日 11:36:46,支出,交通,交通费,90.0,建行1977,高速费,auto
2026年03月07日 12:06:29,支出,餐饮,吃饭,25.0,建行1977,,auto
2026年03月07日 12:06:40,支出,餐饮,饮料,19.4,建行1977,,auto
2026年03月07日 14:21:06,支出,交通,交通费,92.0,建行1977,高速费,auto
2026年03月07日 14:21:16,支出,交通,交通费,21.0,建行1977,停车费,auto
2026年03月07日 20:18:37,支出,医疗,医疗,28.5,建行1977,,auto
2026年03月08日 07:17:27,支出,餐饮,吃饭,19.0,建行1977,,auto
2026年03月08日 10:03:58,支出,交通,交通费,25.0,建行1977,停车费,auto
2026年03月08日 18:42:54,支出,交通,交通费,242.03,建行1977,加油,auto
2026年03月08日 18:43:26,支出,交通,交通费,52.0,建行1977,高速费,auto
2026年03月08日 18:44:03,支出,餐饮,吃饭,29.9,建行1977,,auto
2026年03月08日 20:19:13,支出,交通,交通费,50.0,建行1977,高速费,auto
2026年03月09日 07:24:16,支出,餐饮,吃饭,14.0,建行1977,,auto
2026年03月09日 09:32:00,支出,住房,房贷,309.3,建行1977,物业,auto
2026年03月09日 19:33:00,支出,交通,交通费,25.0,建行1977,停车费,auto
2026年03月09日 20:34:00,支出,住房,房贷,262.36,建行1977,电费,auto
2026年03月10日 21:34:00,支出,交通,交通费,5.0,建行1977,停车费,auto
2026年03月11日 09:35:00,支出,交通,交通费,15.0,建行1977,停车费,auto
2026年03月11日 12:35:00,支出,餐饮,吃饭,34.0,建行1977,,auto
2026年03月12日 21:30:00,支出,餐饮,饮料,18.2,建行1977,,auto
2026年03月13日 09:29:00,支出,医疗,医疗,48.0,建行1977,陪床,auto
2026年03月13日 15:29:00,支出,医疗,医疗,285.84,建行1977,出院,auto
2026年03月14日 09:28:14,支出,购物,日用,879.12,建行1977,ro滤芯,auto
2026年03月14日 09:28:56,支出,购物,日用,77.91,建行1977,扫地机器人配件,auto
2026年03月14日 17:44:49,支出,购物,玩具,56.8,建行1977,,auto
2026年03月16日 08:38:37,支出,餐饮,吃饭,22.4,建行1977,,auto
2026年03月16日 09:37:31,支出,投资,投资亏损,152.39,广发证券,沪电股份,auto
2026年03月16日 12:30:54,支出,餐饮,吃饭,17.0,建行1977,,auto
2026年03月16日 12:50:08,支出,餐饮,饮料,18.5,建行1977,,auto
2026年03月16日 21:12:34,支出,购物,数码,69.9,建行1977,手机膜,auto
2026年03月17日 08:25:23,支出,餐饮,吃饭,10.5,建行1977,,auto
2026年03月17日 09:37:18,收入,投资,投资收益,1876.43,广发证券,湖南裕能,auto
2026年03月17日 11:54:57,支出,餐饮,吃饭,17.0,建行1977,,auto
2026年03月17日 12:19:13,支出,餐饮,饮料,18.5,建行1977,,auto
2026年03月17日 18:38:25,支出,交通,交通费,15.0,建行1977,停车费,auto
2026年03月18日 08:37:37,支出,餐饮,吃饭,10.5,建行1977,,auto
2026年03月18日 11:56:25,支出,餐饮,吃饭,15.0,建行1977,,auto
2026年03月18日 11:56:35,支出,餐饮,饮料,18.5,建行1977,,auto
2026年03月18日 18:28:10,支出,交通,交通费,15.0,建行1977,停车费,auto
2026年03月19日 10:24:51,支出,投资,投资亏损,107.3,广发证券,深科技,auto
2026年03月19日 11:41:32,收入,工作,工资,5324.78,建行1977,,auto
2026年03月19日 13:00:42,收入,投资,投资收益,85.96,广发证券,雅克科技,auto
2026年03月19日 13:33:11,支出,餐饮,饮料,88.0,建行1977,,auto
2026年03月19日 14:45:37,支出,购物,日用,260.0,建行1977,修洗衣机锁,auto
2026年03月19日 21:32:02,支出,餐饮,零食,11.7,建行1977,,auto
2026年03月20日 08:36:13,支出,餐饮,吃饭,10.5,建行1977,,auto
2026年03月20日 08:44:59,支出,订阅,通讯,50.0,建行1977,,auto
2026年03月20日 12:19:00,支出,餐饮,吃饭,12.0,建行1977,,auto
2026年03月20日 12:20:00,支出,餐饮,饮料,17.5,建行1977,,auto
2026年03月20日 17:20:00,支出,交通,交通费,15.0,建行1977,停车费,auto
2026年03月20日 18:21:00,支出,餐饮,饮料,9.9,建行1977,,auto
2026年03月21日 11:21:00,支出,交通,交通费,8.0,建行1977,停车费,auto
2026年03月21日 12:21:00,支出,交通,交通费,210.0,建行1977,加油,auto
2026年03月22日 21:22:00,支出,餐饮,吃饭,53.4,建行1977,,auto
2026年03月23日 17:23:00,支出,餐饮,吃饭,43.5,建行1977,,auto
2026年03月23日 17:32:00,支出,投资,投资亏损,57.93,广发证券,隆基绿能,auto
2026年03月23日 17:33:00,收入,投资,投资收益,380.44,广发证券,湖南裕能,auto
2026年03月24日 00:00:00,收入,工作,公积金,3702.0,建行1977,,auto
2026年03月24日 17:24:00,支出,餐饮,吃饭,45.0,建行1977,,auto
2026年03月24日 17:24:00,收入,工作,绩效,2724.0,建行1977,1月2月绩效,auto
2026年03月24日 17:31:00,支出,投资,投资亏损,744.82,广发证券,通富微电,auto
2026年03月25日 17:25:00,支出,餐饮,饮料,26.4,建行1977,,auto
2026年03月25日 17:26:00,支出,餐饮,吃饭,31.8,建行1977,,auto
2026年03月25日 17:31:00,支出,投资,投资亏损,177.56,广发证券,中国海油,auto
2026年03月25日 17:31:00,支出,投资,投资亏损,42.0,广发证券,富临精工,auto
2026年03月26日 17:27:00,支出,交通,交通费,115.0,建行1977,高速费,auto
2026年03月26日 17:29:00,支出,投资,投资亏损,93.23,广发证券,通富微电,auto
2026年03月26日 17:30:00,支出,投资,投资亏损,194.0,广发证券,雅克科技,auto
2026年03月27日 13:28:00,支出,餐饮,吃饭,17.0,建行1977,,auto
2026年03月27日 17:15:33,支出,订阅,其他订阅,20.0,建行1977,ai codex plus,auto
2026年03月28日 22:01:00,支出,餐饮,零食,46.0,建行1977,,auto
2026年03月30日 12:20:15,支出,餐饮,吃饭,14.0,建行1977,,auto
2026年03月30日 12:23:25,支出,餐饮,饮料,17.5,建行1977,,auto
2026年03月30日 12:34:25,支出,娱乐,网吧,93.0,建行1977,,auto
2026年03月31日 11:21:35,支出,投资,投资亏损,119.12,广发证券,中国海油,auto
2026年03月31日 13:05:49,支出,餐饮,吃饭,18.0,建行1977,,auto
2026年04月01日 13:13:14,支出,投资,投资亏损,229.79,广发证券,雅克科技,auto
2026年04月01日 17:45:34,支出,交通,交通费,15.0,建行1977,停车费,auto
2026年04月03日 00:00:00,支出,订阅,其他订阅,11.0,建行1977,Apple Music,auto
2026年04月03日 12:20:31,支出,餐饮,吃饭,14.0,建行1977,,auto
2026年04月03日 12:20:37,支出,餐饮,饮料,17.5,建行1977,,auto
2026年04月03日 12:21:03,支出,订阅,通讯,200.0,建行1977,,auto
2026年04月04日 11:05:14,支出,医疗,医疗,20.88,建行1977,,auto
2026年04月04日 17:55:54,支出,订阅,其他订阅,7.0,建行1977,ai 兔子,auto
2026年04月04日 17:56:14,支出,订阅,其他订阅,22.91,建行1977,ai MiniMax,auto
2026年04月05日 21:27:40,支出,餐饮,饮料,10.0,建行1977,,auto
2026年04月06日 09:05:00,支出,餐饮,吃饭,267.0,建行1977,,auto
2026年04月06日 11:06:00,支出,订阅,通讯,100.0,建行1977,澳门电信蓝卡,auto
2026年04月07日 00:00:00,支出,住房,房贷,5879.73,建行2109,,auto
2026年04月07日 11:05:36,支出,餐饮,吃饭,10.5,建行1977,,auto
2026年04月07日 11:07:29,支出,订阅,其他订阅,19.8,建行1977,ai codex plus,auto
2026年04月07日 12:38:12,支出,餐饮,吃饭,18.0,建行1977,,auto
2026年04月07日 13:07:33,支出,餐饮,饮料,17.5,建行1977,,auto
2026年04月08日 12:45:00,支出,餐饮,吃饭,16.0,建行1977,,auto
2026年04月08日 12:51:06,支出,餐饮,饮料,15.5,建行1977,,auto
2026年04月08日 18:12:00,支出,投资,投资亏损,1200.0,广发证券,顺丰,auto
2026年04月08日 19:58:57,支出,餐饮,吃饭,19.0,建行1977,,auto
2026年04月09日 13:09:24,支出,餐饮,吃饭,19.0,建行1977,,auto
2026年04月09日 13:09:34,支出,餐饮,饮料,17.5,建行1977,,auto
2026年04月09日 18:34:19,支出,交通,交通费,15.0,建行1977,停车费,auto
2026年04月09日 20:11:29,支出,住房,房贷,361.62,建行1977,电费,auto
2026年04月10日 12:30:32,支出,餐饮,吃饭,21.0,建行1977,,auto
2026年04月10日 12:56:12,支出,餐饮,饮料,17.5,建行1977,,auto
2026年04月11日 18:46:39,支出,购物,玩具,169.0,建行1977,篮球,auto
2026年04月12日 12:20:16,支出,交通,交通费,3.0,建行1977,停车费,auto
2026年04月12日 15:22:37,支出,餐饮,吃饭,538.0,建行1977,,auto
2026年04月13日 08:55:12,支出,订阅,通讯,100.0,建行1977,,auto
2026年04月13日 12:39:59,支出,餐饮,吃饭,16.0,建行1977,,auto
2026年04月13日 12:41:00,支出,餐饮,饮料,17.5,建行1977,,auto
2026年04月13日 17:45:59,收入,工作,工资,64.95,建行1977,退税,auto
2026年04月14日 08:28:39,支出,餐饮,吃饭,10.5,建行1977,,auto
2026年04月14日 22:50:00,支出,购物,数码,3800.0,建行1977,Mac Mimi,auto
2026年04月15日 08:50:00,支出,餐饮,吃饭,13.9,建行1977,,auto
2026年04月15日 12:49:00,支出,餐饮,吃饭,19.0,建行1977,,auto
2026年04月15日 12:49:00,支出,餐饮,饮料,17.5,建行1977,,auto
2026年04月15日 22:48:52,支出,购物,日用,10.9,建行1977,,auto
2026年04月16日 14:34:18,收入,投资,投资收益,1547.7,广发证券,湖南裕能,auto
2026年04月17日 10:12:22,支出,投资,投资亏损,42.65,广发证券,许继电气,auto
2026年04月17日 12:20:45,支出,餐饮,吃饭,14.0,建行1977,,auto
2026年04月17日 15:34:31,收入,工作,绩效,1351.26,建行1977,,auto
2026年04月17日 17:01:30,收入,工作,工资,3934.38,建行1977,,auto
2026年04月17日 19:28:11,支出,购物,日用,79.6,建行1977,新风滤芯x2,auto
2026年04月18日 00:21:30,支出,订阅,其他订阅,94.4,建行1977,VPN equal,auto
2026年04月18日 13:35:15,支出,交通,交通费,16.0,建行1977,停车费,auto
2026年04月20日 13:48:06,支出,餐饮,吃饭,21.0,建行1977,,auto
2026年04月20日 13:49:41,支出,餐饮,饮料,17.5,建行1977,,auto
2026年04月20日 15:43:53,支出,投资,投资亏损,2780.69,建行1977,歌尔股份,auto
2026年04月21日 12:49:53,支出,餐饮,吃饭,17.0,建行1977,,auto
2026年04月21日 13:12:56,支出,餐饮,饮料,17.5,建行1977,,auto
2026年04月22日 16:03:00,支出,交通,交通费,103.0,建行1977,高速费,auto
2026年04月22日 16:04:00,支出,交通,交通费,283.6,建行1977,加油,auto
2026年04月22日 20:04:00,支出,餐饮,饮料,37.0,建行1977,,auto
2026年04月24日 00:00:00,收入,工作,公积金,3702.0,建行1977,,auto
2026年04月25日 16:05:00,支出,交通,交通费,10.0,建行1977,停车费,auto
2026年04月26日 16:05:33,支出,餐饮,吃饭,55.25,建行1977,,auto
2026年04月26日 17:39:07,支出,餐饮,吃饭,29.29,建行1977,,auto
2026年04月27日 12:38:46,支出,餐饮,吃饭,8.8,建行1977,,auto
2026年04月27日 12:38:54,支出,餐饮,饮料,17.5,建行1977,,auto
2026年04月27日 13:16:52,收入,投资,投资收益,204.99,广发证券,中国船舶,auto
2026年04月27日 21:58:01,支出,订阅,其他订阅,54.0,建行1977,VPN agentneo,auto
2026年04月28日 00:04:20,支出,订阅,其他订阅,160.0,建行1977,ai codex pro,auto
2026年04月28日 10:19:09,支出,投资,投资亏损,63.62,广发证券,富临精工,auto
2026年04月28日 10:19:46,收入,投资,投资收益,1460.92,广发证券,通富微电,auto
2026年04月28日 12:45:28,支出,餐饮,吃饭,16.0,建行1977,,auto
2026年04月28日 14:55:44,支出,投资,投资亏损,227.58,广发证券,立讯精密,auto
2026年04月28日 18:05:56,支出,餐饮,吃饭,18.0,建行1977,,auto
2026年04月28日 22:48:04,支出,交通,交通费,11.32,建行1977,打车,auto
2026年04月30日 22:00:00,支出,交通,交通费,15.0,建行1977,停车费,auto
2026年05月02日 14:00:17,支出,餐饮,吃饭,597.0,建行1977,,auto
2026年05月03日 00:00:00,支出,订阅,其他订阅,11.0,建行1977,Apple Music,auto
2026年05月06日 17:05:31,支出,餐饮,吃饭,14.0,建行1977,,auto
2026年05月06日 17:05:36,支出,餐饮,饮料,17.0,建行1977,,auto
2026年05月06日 17:05:58,支出,住房,房贷,773.49,建行1977,2个月燃气费,auto
2026年05月06日 18:47:45,收入,其他,二手,49.0,建行1977,小爱音箱,auto
2026年05月07日 00:00:00,支出,住房,房贷,5879.73,建行2109,,auto
2026年05月07日 11:04:04,支出,订阅,其他订阅,50.0,建行1977,ai DeepSeek,auto
2026年05月07日 11:05:48,支出,住房,房贷,517.47,建行2109,电费,auto
2026年05月07日 12:46:05,支出,餐饮,吃饭,16.0,建行1977,,auto
2026年05月07日 12:54:20,支出,餐饮,饮料,17.5,建行1977,,auto
2026年05月07日 16:59:09,支出,交通,交通费,15.0,建行1977,停车费,auto
2026年05月07日 23:00:41,支出,订阅,其他订阅,45.23,建行1977,ai Packycode,auto
2026年05月09日 08:45:05,支出,餐饮,吃饭,9.9,建行1977,,auto
2026年05月09日 14:32:44,支出,住房,房贷,309.3,建行2109,物业,auto
2026年05月10日 23:12:58,支出,订阅,其他订阅,110.0,建行1977,ai codex plus,auto
2026年05月11日 09:55:07,收入,投资,投资收益,35.55,广发证券,海南矿业,auto
2026年05月11日 12:43:03,支出,餐饮,吃饭,14.0,建行1977,,auto
2026年05月11日 13:21:56,支出,餐饮,饮料,16.0,建行1977,,auto
2026年05月12日 18:02:01,支出,餐饮,零食,29.21,建行1977,,auto
2026年05月12日 18:51:49,支出,餐饮,零食,41.53,建行1977,,auto
2026年05月13日 13:29:05,支出,交通,交通费,10.0,建行1977,,auto
2026年05月15日 14:54:20,收入,投资,投资收益,1160.46,广发证券,通富微电,auto
2026年05月15日 14:55:36,支出,投资,投资亏损,294.45,广发证券,隆基绿能,auto
2026年05月16日 18:12:42,支出,购物,数码,220.0,建行1977,空调安装,auto
